"FullName","Length","LastWriteTime"
"C:\musica_eventi_e_documenti\.dart_tool\dartpad\web_plugin_registrant.dart","1310","06/09/2026 09:37:05"
"C:\musica_eventi_e_documenti\.dart_tool\extension_discovery\devtools.json","743","07/09/2026 16:46:10"
"C:\musica_eventi_e_documenti\.dart_tool\flutter_build\6da7b9a60c38036b5352e14d02f938ee\dart_build_result.json","673","07/09/2026 11:26:27"
"C:\musica_eventi_e_documenti\.dart_tool\flutter_build\6da7b9a60c38036b5352e14d02f938ee\native_assets.json","135","07/09/2026 11:26:27"
"C:\musica_eventi_e_documenti\.dart_tool\flutter_build\6da7b9a60c38036b5352e14d02f938ee\outputs.json","2785","07/09/2026 12:19:45"
"C:\musica_eventi_e_documenti\.dart_tool\flutter_build\c41a0dfcb1130de215a6d382f4ce1e00\dart_build_result.json","669","07/09/2026 16:46:03"
"C:\musica_eventi_e_documenti\.dart_tool\flutter_build\c41a0dfcb1130de215a6d382f4ce1e00\native_assets.json","131","07/09/2026 16:46:03"
"C:\musica_eventi_e_documenti\.dart_tool\flutter_build\c41a0dfcb1130de215a6d382f4ce1e00\outputs.json","6826","07/09/2026 16:46:06"
"C:\musica_eventi_e_documenti\.dart_tool\flutter_build\dart_plugin_registrant.dart","17603","07/09/2026 11:26:14"
"C:\musica_eventi_e_documenti\.dart_tool\hooks_runner\objective_c\60a1bdea6c9e9e5ff9200dae1c4debb5\dependencies.dependencies_hash_file.json","447","07/09/2026 11:26:26"
"C:\musica_eventi_e_documenti\.dart_tool\hooks_runner\objective_c\60a1bdea6c9e9e5ff9200dae1c4debb5\hook.dependencies_hash_file.json","323","07/09/2026 11:26:26"
"C:\musica_eventi_e_documenti\.dart_tool\hooks_runner\objective_c\60a1bdea6c9e9e5ff9200dae1c4debb5\input.json","1146","07/09/2026 11:26:26"
"C:\musica_eventi_e_documenti\.dart_tool\hooks_runner\objective_c\60a1bdea6c9e9e5ff9200dae1c4debb5\output.json","95","07/09/2026 11:26:26"
"C:\musica_eventi_e_documenti\.dart_tool\hooks_runner\objective_c\dbb4653d728d20c760b5566133a933e9\dependencies.dependencies_hash_file.json","446","07/09/2026 16:46:01"
"C:\musica_eventi_e_documenti\.dart_tool\hooks_runner\objective_c\dbb4653d728d20c760b5566133a933e9\hook.dependencies_hash_file.json","325","07/09/2026 16:46:01"
"C:\musica_eventi_e_documenti\.dart_tool\hooks_runner\objective_c\dbb4653d728d20c760b5566133a933e9\input.json","1386","07/09/2026 16:46:01"
"C:\musica_eventi_e_documenti\.dart_tool\hooks_runner\objective_c\dbb4653d728d20c760b5566133a933e9\output.json","95","07/09/2026 16:46:01"
"C:\musica_eventi_e_documenti\.dart_tool\hooks_runner\sqlite3\60a1bdea6c9e9e5ff9200dae1c4debb5\dependencies.dependencies_hash_file.json","447","07/09/2026 11:26:27"
"C:\musica_eventi_e_documenti\.dart_tool\hooks_runner\sqlite3\60a1bdea6c9e9e5ff9200dae1c4debb5\hook.dependencies_hash_file.json","323","07/09/2026 11:26:27"
"C:\musica_eventi_e_documenti\.dart_tool\hooks_runner\sqlite3\60a1bdea6c9e9e5ff9200dae1c4debb5\input.json","1130","07/09/2026 11:26:27"
"C:\musica_eventi_e_documenti\.dart_tool\hooks_runner\sqlite3\60a1bdea6c9e9e5ff9200dae1c4debb5\output.json","456","07/09/2026 11:26:27"
"C:\musica_eventi_e_documenti\.dart_tool\hooks_runner\sqlite3\dbb4653d728d20c760b5566133a933e9\dependencies.dependencies_hash_file.json","446","07/09/2026 16:46:03"
"C:\musica_eventi_e_documenti\.dart_tool\hooks_runner\sqlite3\dbb4653d728d20c760b5566133a933e9\hook.dependencies_hash_file.json","325","07/09/2026 16:46:02"
"C:\musica_eventi_e_documenti\.dart_tool\hooks_runner\sqlite3\dbb4653d728d20c760b5566133a933e9\input.json","1370","07/09/2026 16:46:02"
"C:\musica_eventi_e_documenti\.dart_tool\hooks_runner\sqlite3\dbb4653d728d20c760b5566133a933e9\output.json","454","07/09/2026 16:46:03"
"C:\musica_eventi_e_documenti\.dart_tool\package_config.json","32370","07/09/2026 16:45:47"
"C:\musica_eventi_e_documenti\.dart_tool\package_graph.json","29073","07/09/2026 16:45:47"
"C:\musica_eventi_e_documenti\.idea\caches\deviceStreaming.xml","115474","03/09/2026 13:20:12"
"C:\musica_eventi_e_documenti\.idea\libraries\Dart_Packages.xml","54133","07/09/2026 11:26:35"
"C:\musica_eventi_e_documenti\.idea\libraries\Dart_SDK.xml","970","07/08/2026 10:00:04"
"C:\musica_eventi_e_documenti\.idea\libraries\Flutter_Plugins.xml","5610","07/09/2026 11:26:35"
"C:\musica_eventi_e_documenti\.idea\libraries\KotlinJavaRuntime.xml","614","07/08/2026 10:00:04"
"C:\musica_eventi_e_documenti\.idea\runConfigurations\main_dart.xml","365","18/08/2026 07:59:48"
"C:\musica_eventi_e_documenti\.idea\deviceManager.xml","363","29/08/2026 17:34:26"
"C:\musica_eventi_e_documenti\.idea\markdown.xml","314","07/08/2026 10:31:02"
"C:\musica_eventi_e_documenti\.idea\modules.xml","465","07/08/2026 10:00:04"
"C:\musica_eventi_e_documenti\.idea\studiobot.xml","188","13/08/2026 15:33:52"
"C:\musica_eventi_e_documenti\.idea\vcs.xml","185","12/08/2026 17:57:58"
"C:\musica_eventi_e_documenti\.idea\workspace.xml","5934","07/09/2026 12:38:42"
"C:\musica_eventi_e_documenti\android\app\src\debug\AndroidManifest.xml","385","18/08/2026 17:19:42"
"C:\musica_eventi_e_documenti\android\app\src\main\res\drawable\launch_background.xml","446","18/08/2026 17:19:42"
"C:\musica_eventi_e_documenti\android\app\src\main\res\drawable-v21\launch_background.xml","450","18/08/2026 17:19:42"
"C:\musica_eventi_e_documenti\android\app\src\main\res\values\styles.xml","1014","18/08/2026 17:19:42"
"C:\musica_eventi_e_documenti\android\app\src\main\res\values-night\styles.xml","1013","18/08/2026 17:19:42"
"C:\musica_eventi_e_documenti\android\app\src\main\AndroidManifest.xml","3346","18/08/2026 17:19:42"
"C:\musica_eventi_e_documenti\android\app\src\profile\AndroidManifest.xml","385","18/08/2026 17:19:42"
"C:\musica_eventi_e_documenti\android\build\reports\problems\problems-report.html","134788","04/09/2026 16:38:47"
"C:\musica_eventi_e_documenti\assets\db\init.sql","13381","02/08/2026 15:07:52"
"C:\musica_eventi_e_documenti\assets\html\abc_viewer_template.html","12180","17/08/2026 22:42:38"
"C:\musica_eventi_e_documenti\assets\html\spartito-viewer.html","31777","06/09/2026 09:10:04"
"C:\musica_eventi_e_documenti\assets\mxl\Pierino & il Lupo;Prokofiev arr Philipe Marilia Tenor (in C).xml","262","12/08/2026 15:59:38"
"C:\musica_eventi_e_documenti\build\.cxx\debug\2g2dv653\arm64-v8a\.cmake\api\v1\reply\cache-v2-6d16b32d7edc00ecea2b.json","28289","06/09/2026 09:41:56"
"C:\musica_eventi_e_documenti\build\.cxx\debug\2g2dv653\arm64-v8a\.cmake\api\v1\reply\cmakeFiles-v1-4493874428b1d2bfcb14.json","25870","06/09/2026 09:41:56"
"C:\musica_eventi_e_documenti\build\.cxx\debug\2g2dv653\arm64-v8a\.cmake\api\v1\reply\codemodel-v2-701bebe3b120fc15f9f8.json","728","06/09/2026 09:41:56"
"C:\musica_eventi_e_documenti\build\.cxx\debug\2g2dv653\arm64-v8a\.cmake\api\v1\reply\directory-.-debug-d0094a50bb2071803777.json","168","06/09/2026 09:41:56"
"C:\musica_eventi_e_documenti\build\.cxx\debug\2g2dv653\arm64-v8a\.cmake\api\v1\reply\index-2026-09-06T07-41-56-0485.json","1643","06/09/2026 09:41:56"
"C:\musica_eventi_e_documenti\build\.cxx\debug\2g2dv653\arm64-v8a\android_gradle_build.json","926","06/09/2026 09:41:56"
"C:\musica_eventi_e_documenti\build\.cxx\debug\2g2dv653\arm64-v8a\android_gradle_build_mini.json","565","06/09/2026 09:41:56"
"C:\musica_eventi_e_documenti\build\.cxx\debug\2g2dv653\arm64-v8a\prefab_config.json","40","06/09/2026 09:41:56"
"C:\musica_eventi_e_documenti\build\.cxx\debug\2g2dv653\armeabi-v7a\.cmake\api\v1\reply\cache-v2-9857632b4179f1281e00.json","28301","06/09/2026 09:42:00"
"C:\musica_eventi_e_documenti\build\.cxx\debug\2g2dv653\armeabi-v7a\.cmake\api\v1\reply\cmakeFiles-v1-118658f10e4704531b2c.json","25882","06/09/2026 09:42:00"
"C:\musica_eventi_e_documenti\build\.cxx\debug\2g2dv653\armeabi-v7a\.cmake\api\v1\reply\codemodel-v2-442551487a41778eb19c.json","730","06/09/2026 09:42:00"
"C:\musica_eventi_e_documenti\build\.cxx\debug\2g2dv653\armeabi-v7a\.cmake\api\v1\reply\directory-.-debug-d0094a50bb2071803777.json","168","06/09/2026 09:42:00"
"C:\musica_eventi_e_documenti\build\.cxx\debug\2g2dv653\armeabi-v7a\.cmake\api\v1\reply\index-2026-09-06T07-42-00-0626.json","1643","06/09/2026 09:42:00"
"C:\musica_eventi_e_documenti\build\.cxx\debug\2g2dv653\armeabi-v7a\android_gradle_build.json","930","06/09/2026 09:42:00"
"C:\musica_eventi_e_documenti\build\.cxx\debug\2g2dv653\armeabi-v7a\android_gradle_build_mini.json","569","06/09/2026 09:42:00"
"C:\musica_eventi_e_documenti\build\.cxx\debug\2g2dv653\armeabi-v7a\prefab_config.json","40","06/09/2026 09:42:00"
"C:\musica_eventi_e_documenti\build\.cxx\debug\2g2dv653\x86_64\.cmake\api\v1\reply\cache-v2-fc57b3545ca703781933.json","28271","06/09/2026 09:42:02"
"C:\musica_eventi_e_documenti\build\.cxx\debug\2g2dv653\x86_64\.cmake\api\v1\reply\cmakeFiles-v1-d02d9901a8c63b3febbf.json","25852","06/09/2026 09:42:02"
"C:\musica_eventi_e_documenti\build\.cxx\debug\2g2dv653\x86_64\.cmake\api\v1\reply\codemodel-v2-671d2924fdef03b9b69a.json","725","06/09/2026 09:42:02"
"C:\musica_eventi_e_documenti\build\.cxx\debug\2g2dv653\x86_64\.cmake\api\v1\reply\directory-.-debug-d0094a50bb2071803777.json","168","06/09/2026 09:42:02"
"C:\musica_eventi_e_documenti\build\.cxx\debug\2g2dv653\x86_64\.cmake\api\v1\reply\index-2026-09-06T07-42-02-0917.json","1643","06/09/2026 09:42:02"
"C:\musica_eventi_e_documenti\build\.cxx\debug\2g2dv653\x86_64\android_gradle_build.json","920","06/09/2026 09:42:02"
"C:\musica_eventi_e_documenti\build\.cxx\debug\2g2dv653\x86_64\android_gradle_build_mini.json","559","06/09/2026 09:42:02"
"C:\musica_eventi_e_documenti\build\.cxx\debug\2g2dv653\x86_64\prefab_config.json","40","06/09/2026 09:42:02"
"C:\musica_eventi_e_documenti\build\app\intermediates\annotation_processor_list\debug\javaPreCompileDebug\annotationProcessors.json","2","06/09/2026 09:41:49"
"C:\musica_eventi_e_documenti\build\app\intermediates\assets\debug\mergeDebugAssets\flutter_assets\assets\db\init.sql","13381","07/09/2026 12:22:31"
"C:\musica_eventi_e_documenti\build\app\intermediates\assets\debug\mergeDebugAssets\flutter_assets\assets\html\abc_viewer_template.html","12180","07/09/2026 12:22:31"
"C:\musica_eventi_e_documenti\build\app\intermediates\assets\debug\mergeDebugAssets\flutter_assets\assets\html\spartito-viewer.html","31777","07/09/2026 12:22:31"
"C:\musica_eventi_e_documenti\build\app\intermediates\assets\debug\mergeDebugAssets\flutter_assets\packages\flutter_inappwebview\assets\t_rex_runner\t-rex.css","1688","07/09/2026 12:22:31"
"C:\musica_eventi_e_documenti\build\app\intermediates\assets\debug\mergeDebugAssets\flutter_assets\packages\flutter_inappwebview\assets\t_rex_runner\t-rex.html","82244","07/09/2026 12:22:31"
"C:\musica_eventi_e_documenti\build\app\intermediates\assets\debug\mergeDebugAssets\flutter_assets\packages\flutter_inappwebview_web\assets\web\web_support.js","28409","07/09/2026 12:22:31"
"C:\musica_eventi_e_documenti\build\app\intermediates\assets\debug\mergeDebugAssets\flutter_assets\FontManifest.json","208","07/09/2026 12:22:31"
"C:\musica_eventi_e_documenti\build\app\intermediates\assets\debug\mergeDebugAssets\flutter_assets\NativeAssetsManifest.json","135","07/09/2026 12:22:31"
"C:\musica_eventi_e_documenti\build\app\intermediates\compatible_screen_manifest\debug\createDebugCompatibleScreenManifests\output-metadata.json","213","06/09/2026 09:41:38"
"C:\musica_eventi_e_documenti\build\app\intermediates\cxx\debug\2g2dv653\logs\arm64-v8a\build_model.json","8769","07/09/2026 12:22:32"
"C:\musica_eventi_e_documenti\build\app\intermediates\cxx\debug\2g2dv653\logs\arm64-v8a\metadata_generation_record.json","1251","07/09/2026 12:22:32"
"C:\musica_eventi_e_documenti\build\app\intermediates\cxx\debug\2g2dv653\logs\armeabi-v7a\build_model.json","8789","07/09/2026 12:22:32"
"C:\musica_eventi_e_documenti\build\app\intermediates\cxx\debug\2g2dv653\logs\armeabi-v7a\metadata_generation_record.json","1261","07/09/2026 12:22:32"
"C:\musica_eventi_e_documenti\build\app\intermediates\cxx\debug\2g2dv653\logs\x86_64\build_model.json","8738","07/09/2026 12:22:32"
"C:\musica_eventi_e_documenti\build\app\intermediates\cxx\debug\2g2dv653\logs\x86_64\metadata_generation_record.json","1236","07/09/2026 12:22:32"
"C:\musica_eventi_e_documenti\build\app\intermediates\flutter\debug\flutter_assets\assets\db\init.sql","13381","02/08/2026 15:07:52"
"C:\musica_eventi_e_documenti\build\app\intermediates\flutter\debug\flutter_assets\assets\html\abc_viewer_template.html","12180","17/08/2026 22:42:38"
"C:\musica_eventi_e_documenti\build\app\intermediates\flutter\debug\flutter_assets\assets\html\spartito-viewer.html","31777","06/09/2026 09:10:04"
"C:\musica_eventi_e_documenti\build\app\intermediates\flutter\debug\flutter_assets\packages\flutter_inappwebview\assets\t_rex_runner\t-rex.css","1688","12/08/2026 18:11:36"
"C:\musica_eventi_e_documenti\build\app\intermediates\flutter\debug\flutter_assets\packages\flutter_inappwebview\assets\t_rex_runner\t-rex.html","82244","12/08/2026 18:11:36"
"C:\musica_eventi_e_documenti\build\app\intermediates\flutter\debug\flutter_assets\packages\flutter_inappwebview_web\assets\web\web_support.js","28409","12/08/2026 18:11:35"
"C:\musica_eventi_e_documenti\build\app\intermediates\flutter\debug\flutter_assets\FontManifest.json","208","07/09/2026 12:19:44"
"C:\musica_eventi_e_documenti\build\app\intermediates\flutter\debug\flutter_assets\NativeAssetsManifest.json","135","07/09/2026 11:26:27"
"C:\musica_eventi_e_documenti\build\app\intermediates\incremental\debug\mergeDebugResources\merged.dir\values\values.xml","200520","06/09/2026 10:21:29"
"C:\musica_eventi_e_documenti\build\app\intermediates\incremental\debug\mergeDebugResources\merged.dir\values-af\values-af.xml","4825","06/09/2026 10:21:29"
"C:\musica_eventi_e_documenti\build\app\intermediates\incremental\debug\mergeDebugResources\merged.dir\values-am\values-am.xml","5142","06/09/2026 10:21:29"
"C:\musica_eventi_e_documenti\build\app\intermediates\incremental\debug\mergeDebugResources\merged.dir\values-ar\values-ar.xml","5112","06/09/2026 10:21:29"
"C:\musica_eventi_e_documenti\build\app\intermediates\incremental\debug\mergeDebugResources\merged.dir\values-as\values-as.xml","5873","06/09/2026 10:21:29"
"C:\musica_eventi_e_documenti\build\app\intermediates\incremental\debug\mergeDebugResources\merged.dir\values-az\values-az.xml","4918","06/09/2026 10:21:29"
"C:\musica_eventi_e_documenti\build\app\intermediates\incremental\debug\mergeDebugResources\merged.dir\values-b+sr+Latn\values-b+sr+Latn.xml","4932","06/09/2026 10:21:29"
"C:\musica_eventi_e_documenti\build\app\intermediates\incremental\debug\mergeDebugResources\merged.dir\values-be\values-be.xml","5373","06/09/2026 10:21:29"
"C:\musica_eventi_e_documenti\build\app\intermediates\incremental\debug\mergeDebugResources\merged.dir\values-bg\values-bg.xml","5415","06/09/2026 10:21:29"
"C:\musica_eventi_e_documenti\build\app\intermediates\incremental\debug\mergeDebugResources\merged.dir\values-bn\values-bn.xml","5746","06/09/2026 10:21:29"
"C:\musica_eventi_e_documenti\build\app\intermediates\incremental\debug\mergeDebugResources\merged.dir\values-bs\values-bs.xml","4903","06/09/2026 10:21:29"
"C:\musica_eventi_e_documenti\build\app\intermediates\incremental\debug\mergeDebugResources\merged.dir\values-ca\values-ca.xml","4923","06/09/2026 10:21:29"
"C:\musica_eventi_e_documenti\build\app\intermediates\incremental\debug\mergeDebugResources\merged.dir\values-cs\values-cs.xml","4931","06/09/2026 10:21:29"
"C:\musica_eventi_e_documenti\build\app\intermediates\incremental\debug\mergeDebugResources\merged.dir\values-da\values-da.xml","4820","06/09/2026 10:21:29"
"C:\musica_eventi_e_documenti\build\app\intermediates\incremental\debug\mergeDebugResources\merged.dir\values-de\values-de.xml","4893","06/09/2026 10:21:29"
"C:\musica_eventi_e_documenti\build\app\intermediates\incremental\debug\mergeDebugResources\merged.dir\values-el\values-el.xml","5517","06/09/2026 10:21:29"
"C:\musica_eventi_e_documenti\build\app\intermediates\incremental\debug\mergeDebugResources\merged.dir\values-en-rAU\values-en-rAU.xml","4766","06/09/2026 10:21:29"
"C:\musica_eventi_e_documenti\build\app\intermediates\incremental\debug\mergeDebugResources\merged.dir\values-en-rCA\values-en-rCA.xml","4765","06/09/2026 10:21:29"
"C:\musica_eventi_e_documenti\build\app\intermediates\incremental\debug\mergeDebugResources\merged.dir\values-en-rGB\values-en-rGB.xml","4766","06/09/2026 10:21:29"
"C:\musica_eventi_e_documenti\build\app\intermediates\incremental\debug\mergeDebugResources\merged.dir\values-en-rIN\values-en-rIN.xml","4766","06/09/2026 10:21:29"
"C:\musica_eventi_e_documenti\build\app\intermediates\incremental\debug\mergeDebugResources\merged.dir\values-en-rXC\values-en-rXC.xml","19309","06/09/2026 10:21:29"
"C:\musica_eventi_e_documenti\build\app\intermediates\incremental\debug\mergeDebugResources\merged.dir\values-es\values-es.xml","4938","06/09/2026 10:21:29"
"C:\musica_eventi_e_documenti\build\app\intermediates\incremental\debug\mergeDebugResources\merged.dir\values-es-rUS\values-es-rUS.xml","4917","06/09/2026 10:21:29"
"C:\musica_eventi_e_documenti\build\app\intermediates\incremental\debug\mergeDebugResources\merged.dir\values-et\values-et.xml","4891","06/09/2026 10:21:29"
"C:\musica_eventi_e_documenti\build\app\intermediates\incremental\debug\mergeDebugResources\merged.dir\values-eu\values-eu.xml","4921","06/09/2026 10:21:29"
"C:\musica_eventi_e_documenti\build\app\intermediates\incremental\debug\mergeDebugResources\merged.dir\values-fa\values-fa.xml","5188","06/09/2026 10:21:29"
"C:\musica_eventi_e_documenti\build\app\intermediates\incremental\debug\mergeDebugResources\merged.dir\values-fi\values-fi.xml","4862","06/09/2026 10:21:29"
"C:\musica_eventi_e_documenti\build\app\intermediates\incremental\debug\mergeDebugResources\merged.dir\values-fr\values-fr.xml","4945","06/09/2026 10:21:29"
"C:\musica_eventi_e_documenti\build\app\intermediates\incremental\debug\mergeDebugResources\merged.dir\values-fr-rCA\values-fr-rCA.xml","4956","06/09/2026 10:21:29"
"C:\musica_eventi_e_documenti\build\app\intermediates\incremental\debug\mergeDebugResources\merged.dir\values-gl\values-gl.xml","4946","06/09/2026 10:21:29"
"C:\musica_eventi_e_documenti\build\app\intermediates\incremental\debug\mergeDebugResources\merged.dir\values-gu\values-gu.xml","5536","06/09/2026 10:21:29"
"C:\musica_eventi_e_documenti\build\app\intermediates\incremental\debug\mergeDebugResources\merged.dir\values-h720dp-v13\values-h720dp-v13.xml","130","06/09/2026 10:21:29"
"C:\musica_eventi_e_documenti\build\app\intermediates\incremental\debug\mergeDebugResources\merged.dir\values-hdpi-v4\values-hdpi-v4.xml","340","06/09/2026 10:21:29"
"C:\musica_eventi_e_documenti\build\app\intermediates\incremental\debug\mergeDebugResources\merged.dir\values-hi\values-hi.xml","5627","06/09/2026 10:21:29"
"C:\musica_eventi_e_documenti\build\app\intermediates\incremental\debug\mergeDebugResources\merged.dir\values-hr\values-hr.xml","4905","06/09/2026 10:21:29"
"C:\musica_eventi_e_documenti\build\app\intermediates\incremental\debug\mergeDebugResources\merged.dir\values-hu\values-hu.xml","4970","06/09/2026 10:21:29"
"C:\musica_eventi_e_documenti\build\app\intermediates\incremental\debug\mergeDebugResources\merged.dir\values-hy\values-hy.xml","5277","06/09/2026 10:21:29"
"C:\musica_eventi_e_documenti\build\app\intermediates\incremental\debug\mergeDebugResources\merged.dir\values-in\values-in.xml","4846","06/09/2026 10:21:29"
"C:\musica_eventi_e_documenti\build\app\intermediates\incremental\debug\mergeDebugResources\merged.dir\values-is\values-is.xml","4832","06/09/2026 10:21:29"
"C:\musica_eventi_e_documenti\build\app\intermediates\incremental\debug\mergeDebugResources\merged.dir\values-it\values-it.xml","4846","06/09/2026 10:21:29"
"C:\musica_eventi_e_documenti\build\app\intermediates\incremental\debug\mergeDebugResources\merged.dir\values-iw\values-iw.xml","5029","06/09/2026 10:21:29"
"C:\musica_eventi_e_documenti\build\app\intermediates\incremental\debug\mergeDebugResources\merged.dir\values-ja\values-ja.xml","4956","06/09/2026 10:21:29"
"C:\musica_eventi_e_documenti\build\app\intermediates\incremental\debug\mergeDebugResources\merged.dir\values-ka\values-ka.xml","5718","06/09/2026 10:21:29"
"C:\musica_eventi_e_documenti\build\app\intermediates\incremental\debug\mergeDebugResources\merged.dir\values-kk\values-kk.xml","5222","06/09/2026 10:21:29"
"C:\musica_eventi_e_documenti\build\app\intermediates\incremental\debug\mergeDebugResources\merged.dir\values-km\values-km.xml","5650","06/09/2026 10:21:29"
"C:\musica_eventi_e_documenti\build\app\intermediates\incremental\debug\mergeDebugResources\merged.dir\values-kn\values-kn.xml","5897","06/09/2026 10:21:29"
"C:\musica_eventi_e_documenti\build\app\intermediates\incremental\debug\mergeDebugResources\merged.dir\values-ko\values-ko.xml","4908","06/09/2026 10:21:29"
"C:\musica_eventi_e_documenti\build\app\intermediates\incremental\debug\mergeDebugResources\merged.dir\values-ky\values-ky.xml","5286","06/09/2026 10:21:29"
"C:\musica_eventi_e_documenti\build\app\intermediates\incremental\debug\mergeDebugResources\merged.dir\values-land\values-land.xml","272","06/09/2026 10:21:29"
"C:\musica_eventi_e_documenti\build\app\intermediates\incremental\debug\mergeDebugResources\merged.dir\values-large-v4\values-large-v4.xml","760","06/09/2026 10:21:29"
"C:\musica_eventi_e_documenti\build\app\intermediates\incremental\debug\mergeDebugResources\merged.dir\values-ldltr-v21\values-ldltr-v21.xml","176","06/09/2026 10:21:29"
"C:\musica_eventi_e_documenti\build\app\intermediates\incremental\debug\mergeDebugResources\merged.dir\values-lo\values-lo.xml","5509","06/09/2026 10:21:29"
"C:\musica_eventi_e_documenti\build\app\intermediates\incremental\debug\mergeDebugResources\merged.dir\values-lt\values-lt.xml","5063","06/09/2026 10:21:29"
"C:\musica_eventi_e_documenti\build\app\intermediates\incremental\debug\mergeDebugResources\merged.dir\values-lv\values-lv.xml","5154","06/09/2026 10:21:29"
"C:\musica_eventi_e_documenti\build\app\intermediates\incremental\debug\mergeDebugResources\merged.dir\values-mk\values-mk.xml","5330","06/09/2026 10:21:29"
"C:\musica_eventi_e_documenti\build\app\intermediates\incremental\debug\mergeDebugResources\merged.dir\values-ml\values-ml.xml","5927","06/09/2026 10:21:29"
"C:\musica_eventi_e_documenti\build\app\intermediates\incremental\debug\mergeDebugResources\merged.dir\values-mn\values-mn.xml","5297","06/09/2026 10:21:29"
"C:\musica_eventi_e_documenti\build\app\intermediates\incremental\debug\mergeDebugResources\merged.dir\values-mr\values-mr.xml","5593","06/09/2026 10:21:29"
"C:\musica_eventi_e_documenti\build\app\intermediates\incremental\debug\mergeDebugResources\merged.dir\values-ms\values-ms.xml","4870","06/09/2026 10:21:29"
"C:\musica_eventi_e_documenti\build\app\intermediates\incremental\debug\mergeDebugResources\merged.dir\values-my\values-my.xml","6014","06/09/2026 10:21:29"
"C:\musica_eventi_e_documenti\build\app\intermediates\incremental\debug\mergeDebugResources\merged.dir\values-nb\values-nb.xml","4792","06/09/2026 10:21:29"
"C:\musica_eventi_e_documenti\build\app\intermediates\incremental\debug\mergeDebugResources\merged.dir\values-ne\values-ne.xml","5896","06/09/2026 10:21:29"
"C:\musica_eventi_e_documenti\build\app\intermediates\incremental\debug\mergeDebugResources\merged.dir\values-night-v8\values-night-v8.xml","1134","06/09/2026 10:21:29"
"C:\musica_eventi_e_documenti\build\app\intermediates\incremental\debug\mergeDebugResources\merged.dir\values-nl\values-nl.xml","4886","06/09/2026 10:21:29"
"C:\musica_eventi_e_documenti\build\app\intermediates\incremental\debug\mergeDebugResources\merged.dir\values-or\values-or.xml","5955","06/09/2026 10:21:29"
"C:\musica_eventi_e_documenti\build\app\intermediates\incremental\debug\mergeDebugResources\merged.dir\values-pa\values-pa.xml","5505","06/09/2026 10:21:29"
"C:\musica_eventi_e_documenti\build\app\intermediates\incremental\debug\mergeDebugResources\merged.dir\values-pl\values-pl.xml","4910","06/09/2026 10:21:29"
"C:\musica_eventi_e_documenti\build\app\intermediates\incremental\debug\mergeDebugResources\merged.dir\values-port\values-port.xml","119","06/09/2026 10:21:29"
"C:\musica_eventi_e_documenti\build\app\intermediates\incremental\debug\mergeDebugResources\merged.dir\values-pt\values-pt.xml","4950","06/09/2026 10:21:29"
"C:\musica_eventi_e_documenti\build\app\intermediates\incremental\debug\mergeDebugResources\merged.dir\values-pt-rBR\values-pt-rBR.xml","4950","06/09/2026 10:21:29"
"C:\musica_eventi_e_documenti\build\app\intermediates\incremental\debug\mergeDebugResources\merged.dir\values-pt-rPT\values-pt-rPT.xml","4935","06/09/2026 10:21:29"
"C:\musica_eventi_e_documenti\build\app\intermediates\incremental\debug\mergeDebugResources\merged.dir\values-ro\values-ro.xml","4946","06/09/2026 10:21:29"
"C:\musica_eventi_e_documenti\build\app\intermediates\incremental\debug\mergeDebugResources\merged.dir\values-ru\values-ru.xml","5333","06/09/2026 10:21:29"
"C:\musica_eventi_e_documenti\build\app\intermediates\incremental\debug\mergeDebugResources\merged.dir\values-si\values-si.xml","5779","06/09/2026 10:21:29"
"C:\musica_eventi_e_documenti\build\app\intermediates\incremental\debug\mergeDebugResources\merged.dir\values-sk\values-sk.xml","4959","06/09/2026 10:21:29"
"C:\musica_eventi_e_documenti\build\app\intermediates\incremental\debug\mergeDebugResources\merged.dir\values-sl\values-sl.xml","4921","06/09/2026 10:21:29"
"C:\musica_eventi_e_documenti\build\app\intermediates\incremental\debug\mergeDebugResources\merged.dir\values-sq\values-sq.xml","4917","06/09/2026 10:21:29"
"C:\musica_eventi_e_documenti\build\app\intermediates\incremental\debug\mergeDebugResources\merged.dir\values-sr\values-sr.xml","5355","06/09/2026 10:21:29"
"C:\musica_eventi_e_documenti\build\app\intermediates\incremental\debug\mergeDebugResources\merged.dir\values-sv\values-sv.xml","4842","06/09/2026 10:21:29"
"C:\musica_eventi_e_documenti\build\app\intermediates\incremental\debug\mergeDebugResources\merged.dir\values-sw\values-sw.xml","4884","06/09/2026 10:21:29"
"C:\musica_eventi_e_documenti\build\app\intermediates\incremental\debug\mergeDebugResources\merged.dir\values-sw360dp-v13\values-sw360dp-v13.xml","135","06/09/2026 10:21:29"
"C:\musica_eventi_e_documenti\build\app\intermediates\incremental\debug\mergeDebugResources\merged.dir\values-sw600dp-v13\values-sw600dp-v13.xml","619","06/09/2026 10:21:29"
"C:\musica_eventi_e_documenti\build\app\intermediates\incremental\debug\mergeDebugResources\merged.dir\values-ta\values-ta.xml","5966","06/09/2026 10:21:29"
"C:\musica_eventi_e_documenti\build\app\intermediates\incremental\debug\mergeDebugResources\merged.dir\values-te\values-te.xml","6011","06/09/2026 10:21:29"
"C:\musica_eventi_e_documenti\build\app\intermediates\incremental\debug\mergeDebugResources\merged.dir\values-th\values-th.xml","5424","06/09/2026 10:21:29"
"C:\musica_eventi_e_documenti\build\app\intermediates\incremental\debug\mergeDebugResources\merged.dir\values-tl\values-tl.xml","4914","06/09/2026 10:21:29"
"C:\musica_eventi_e_documenti\build\app\intermediates\incremental\debug\mergeDebugResources\merged.dir\values-tr\values-tr.xml","4858","06/09/2026 10:21:29"
"C:\musica_eventi_e_documenti\build\app\intermediates\incremental\debug\mergeDebugResources\merged.dir\values-uk\values-uk.xml","5370","06/09/2026 10:21:29"
"C:\musica_eventi_e_documenti\build\app\intermediates\incremental\debug\mergeDebugResources\merged.dir\values-ur\values-ur.xml","5266","06/09/2026 10:21:29"
"C:\musica_eventi_e_documenti\build\app\intermediates\incremental\debug\mergeDebugResources\merged.dir\values-uz\values-uz.xml","4894","06/09/2026 10:21:29"
"C:\musica_eventi_e_documenti\build\app\intermediates\incremental\debug\mergeDebugResources\merged.dir\values-v16\values-v16.xml","236","06/09/2026 10:21:29"
"C:\musica_eventi_e_documenti\build\app\intermediates\incremental\debug\mergeDebugResources\merged.dir\values-v17\values-v17.xml","3553","06/09/2026 10:21:29"
"C:\musica_eventi_e_documenti\build\app\intermediates\incremental\debug\mergeDebugResources\merged.dir\values-v18\values-v18.xml","112","06/09/2026 10:21:29"
"C:\musica_eventi_e_documenti\build\app\intermediates\incremental\debug\mergeDebugResources\merged.dir\values-v21\values-v21.xml","19415","06/09/2026 10:21:29"
"C:\musica_eventi_e_documenti\build\app\intermediates\incremental\debug\mergeDebugResources\merged.dir\values-v22\values-v22.xml","777","06/09/2026 10:21:29"
"C:\musica_eventi_e_documenti\build\app\intermediates\incremental\debug\mergeDebugResources\merged.dir\values-v23\values-v23.xml","3240","06/09/2026 10:21:29"
"C:\musica_eventi_e_documenti\build\app\intermediates\incremental\debug\mergeDebugResources\merged.dir\values-v24\values-v24.xml","615","06/09/2026 10:21:29"
"C:\musica_eventi_e_documenti\build\app\intermediates\incremental\debug\mergeDebugResources\merged.dir\values-v25\values-v25.xml","427","06/09/2026 10:21:29"
"C:\musica_eventi_e_documenti\build\app\intermediates\incremental\debug\mergeDebugResources\merged.dir\values-v26\values-v26.xml","897","06/09/2026 10:21:29"
"C:\musica_eventi_e_documenti\build\app\intermediates\incremental\debug\mergeDebugResources\merged.dir\values-v28\values-v28.xml","597","06/09/2026 10:21:29"
"C:\musica_eventi_e_documenti\build\app\intermediates\incremental\debug\mergeDebugResources\merged.dir\values-vi\values-vi.xml","5048","06/09/2026 10:21:29"
"C:\musica_eventi_e_documenti\build\app\intermediates\incremental\debug\mergeDebugResources\merged.dir\values-watch-v20\values-watch-v20.xml","566","06/09/2026 10:21:29"
"C:\musica_eventi_e_documenti\build\app\intermediates\incremental\debug\mergeDebugResources\merged.dir\values-watch-v21\values-watch-v21.xml","737","06/09/2026 10:21:29"
"C:\musica_eventi_e_documenti\build\app\intermediates\incremental\debug\mergeDebugResources\merged.dir\values-xlarge-v4\values-xlarge-v4.xml","481","06/09/2026 10:21:29"
"C:\musica_eventi_e_documenti\build\app\intermediates\incremental\debug\mergeDebugResources\merged.dir\values-zh-rCN\values-zh-rCN.xml","4817","06/09/2026 10:21:29"
"C:\musica_eventi_e_documenti\build\app\intermediates\incremental\debug\mergeDebugResources\merged.dir\values-zh-rHK\values-zh-rHK.xml","4811","06/09/2026 10:21:29"
"C:\musica_eventi_e_documenti\build\app\intermediates\incremental\debug\mergeDebugResources\merged.dir\values-zh-rTW\values-zh-rTW.xml","4818","06/09/2026 10:21:29"
"C:\musica_eventi_e_documenti\build\app\intermediates\incremental\debug\mergeDebugResources\merged.dir\values-zu\values-zu.xml","4866","06/09/2026 10:21:29"
"C:\musica_eventi_e_documenti\build\app\intermediates\incremental\debug\mergeDebugResources\merger.xml","813451","06/09/2026 10:21:29"
"C:\musica_eventi_e_documenti\build\app\intermediates\incremental\debug\packageDebugResources\merged.dir\values\values.xml","413","06/09/2026 09:41:38"
"C:\musica_eventi_e_documenti\build\app\intermediates\incremental\debug\packageDebugResources\merged.dir\values-night-v8\values-night-v8.xml","413","06/09/2026 09:41:38"
"C:\musica_eventi_e_documenti\build\app\intermediates\incremental\debug\packageDebugResources\merger.xml","3815","06/09/2026 09:41:38"
"C:\musica_eventi_e_documenti\build\app\intermediates\incremental\mergeDebugAssets\merger.xml","4778","07/09/2026 12:22:31"
"C:\musica_eventi_e_documenti\build\app\intermediates\incremental\mergeDebugJniLibFolders\merger.xml","701","06/09/2026 09:42:03"
"C:\musica_eventi_e_documenti\build\app\intermediates\incremental\mergeDebugShaders\merger.xml","470","06/09/2026 09:41:36"
"C:\musica_eventi_e_documenti\build\app\intermediates\linked_resources_binary_format\debug\processDebugResources\output-metadata.json","441","07/09/2026 11:33:17"
"C:\musica_eventi_e_documenti\build\app\intermediates\merged_manifest\debug\outputDebugAppLinkSettings\AndroidManifest.xml","11785","06/09/2026 10:21:29"
"C:\musica_eventi_e_documenti\build\app\intermediates\merged_manifest\debug\processDebugMainManifest\AndroidManifest.xml","11785","07/09/2026 11:33:15"
"C:\musica_eventi_e_documenti\build\app\intermediates\merged_manifests\debug\processDebugManifest\AndroidManifest.xml","11785","06/09/2026 10:21:29"
"C:\musica_eventi_e_documenti\build\app\intermediates\merged_manifests\debug\processDebugManifest\output-metadata.json","406","06/09/2026 10:21:29"
"C:\musica_eventi_e_documenti\build\app\intermediates\merged_res_blame_folder\debug\mergeDebugResources\out\multi-v2\mergeDebugResources.json","485304","06/09/2026 10:21:29"
"C:\musica_eventi_e_documenti\build\app\intermediates\merged_res_blame_folder\debug\mergeDebugResources\out\multi-v2\values-af.json","4754","06/09/2026 10:21:29"
"C:\musica_eventi_e_documenti\build\app\intermediates\merged_res_blame_folder\debug\mergeDebugResources\out\multi-v2\values-am.json","4734","06/09/2026 10:21:29"
"C:\musica_eventi_e_documenti\build\app\intermediates\merged_res_blame_folder\debug\mergeDebugResources\out\multi-v2\values-ar.json","4752","06/09/2026 10:21:29"
"C:\musica_eventi_e_documenti\build\app\intermediates\merged_res_blame_folder\debug\mergeDebugResources\out\multi-v2\values-as.json","4764","06/09/2026 10:21:29"
"C:\musica_eventi_e_documenti\build\app\intermediates\merged_res_blame_folder\debug\mergeDebugResources\out\multi-v2\values-az.json","4764","06/09/2026 10:21:29"
"C:\musica_eventi_e_documenti\build\app\intermediates\merged_res_blame_folder\debug\mergeDebugResources\out\multi-v2\values-b+sr+Latn.json","4830","06/09/2026 10:21:29"
"C:\musica_eventi_e_documenti\build\app\intermediates\merged_res_blame_folder\debug\mergeDebugResources\out\multi-v2\values-be.json","4762","06/09/2026 10:21:29"
"C:\musica_eventi_e_documenti\build\app\intermediates\merged_res_blame_folder\debug\mergeDebugResources\out\multi-v2\values-bg.json","4766","06/09/2026 10:21:29"
"C:\musica_eventi_e_documenti\build\app\intermediates\merged_res_blame_folder\debug\mergeDebugResources\out\multi-v2\values-bn.json","4766","06/09/2026 10:21:29"
"C:\musica_eventi_e_documenti\build\app\intermediates\merged_res_blame_folder\debug\mergeDebugResources\out\multi-v2\values-bs.json","4758","06/09/2026 10:21:29"
"C:\musica_eventi_e_documenti\build\app\intermediates\merged_res_blame_folder\debug\mergeDebugResources\out\multi-v2\values-ca.json","4762","06/09/2026 10:21:29"
"C:\musica_eventi_e_documenti\build\app\intermediates\merged_res_blame_folder\debug\mergeDebugResources\out\multi-v2\values-cs.json","4760","06/09/2026 10:21:29"
"C:\musica_eventi_e_documenti\build\app\intermediates\merged_res_blame_folder\debug\mergeDebugResources\out\multi-v2\values-da.json","4748","06/09/2026 10:21:29"
"C:\musica_eventi_e_documenti\build\app\intermediates\merged_res_blame_folder\debug\mergeDebugResources\out\multi-v2\values-de.json","4762","06/09/2026 10:21:29"
"C:\musica_eventi_e_documenti\build\app\intermediates\merged_res_blame_folder\debug\mergeDebugResources\out\multi-v2\values-el.json","4766","06/09/2026 10:21:29"
"C:\musica_eventi_e_documenti\build\app\intermediates\merged_res_blame_folder\debug\mergeDebugResources\out\multi-v2\values-en-rAU.json","4788","06/09/2026 10:21:29"
"C:\musica_eventi_e_documenti\build\app\intermediates\merged_res_blame_folder\debug\mergeDebugResources\out\multi-v2\values-en-rCA.json","4788","06/09/2026 10:21:29"
"C:\musica_eventi_e_documenti\build\app\intermediates\merged_res_blame_folder\debug\mergeDebugResources\out\multi-v2\values-en-rGB.json","4788","06/09/2026 10:21:29"
"C:\musica_eventi_e_documenti\build\app\intermediates\merged_res_blame_folder\debug\mergeDebugResources\out\multi-v2\values-en-rIN.json","4788","06/09/2026 10:21:29"
"C:\musica_eventi_e_documenti\build\app\intermediates\merged_res_blame_folder\debug\mergeDebugResources\out\multi-v2\values-en-rXC.json","4880","06/09/2026 10:21:29"
"C:\musica_eventi_e_documenti\build\app\intermediates\merged_res_blame_folder\debug\mergeDebugResources\out\multi-v2\values-es-rUS.json","4798","06/09/2026 10:21:29"
"C:\musica_eventi_e_documenti\build\app\intermediates\merged_res_blame_folder\debug\mergeDebugResources\out\multi-v2\values-es.json","4760","06/09/2026 10:21:29"
"C:\musica_eventi_e_documenti\build\app\intermediates\merged_res_blame_folder\debug\mergeDebugResources\out\multi-v2\values-et.json","4758","06/09/2026 10:21:29"
"C:\musica_eventi_e_documenti\build\app\intermediates\merged_res_blame_folder\debug\mergeDebugResources\out\multi-v2\values-eu.json","4758","06/09/2026 10:21:29"
"C:\musica_eventi_e_documenti\build\app\intermediates\merged_res_blame_folder\debug\mergeDebugResources\out\multi-v2\values-fa.json","4758","06/09/2026 10:21:29"
"C:\musica_eventi_e_documenti\build\app\intermediates\merged_res_blame_folder\debug\mergeDebugResources\out\multi-v2\values-fi.json","4752","06/09/2026 10:21:29"
"C:\musica_eventi_e_documenti\build\app\intermediates\merged_res_blame_folder\debug\mergeDebugResources\out\multi-v2\values-fr-rCA.json","4806","06/09/2026 10:21:29"
"C:\musica_eventi_e_documenti\build\app\intermediates\merged_res_blame_folder\debug\mergeDebugResources\out\multi-v2\values-fr.json","4764","06/09/2026 10:21:29"
"C:\musica_eventi_e_documenti\build\app\intermediates\merged_res_blame_folder\debug\mergeDebugResources\out\multi-v2\values-gl.json","4762","06/09/2026 10:21:29"
"C:\musica_eventi_e_documenti\build\app\intermediates\merged_res_blame_folder\debug\mergeDebugResources\out\multi-v2\values-gu.json","4756","06/09/2026 10:21:29"
"C:\musica_eventi_e_documenti\build\app\intermediates\merged_res_blame_folder\debug\mergeDebugResources\out\multi-v2\values-h720dp-v13.json","719","06/09/2026 10:21:29"
"C:\musica_eventi_e_documenti\build\app\intermediates\merged_res_blame_folder\debug\mergeDebugResources\out\multi-v2\values-hdpi-v4.json","748","06/09/2026 10:21:29"
"C:\musica_eventi_e_documenti\build\app\intermediates\merged_res_blame_folder\debug\mergeDebugResources\out\multi-v2\values-hi.json","4762","06/09/2026 10:21:29"
"C:\musica_eventi_e_documenti\build\app\intermediates\merged_res_blame_folder\debug\mergeDebugResources\out\multi-v2\values-hr.json","4756","06/09/2026 10:21:29"
"C:\musica_eventi_e_documenti\build\app\intermediates\merged_res_blame_folder\debug\mergeDebugResources\out\multi-v2\values-hu.json","4760","06/09/2026 10:21:29"
"C:\musica_eventi_e_documenti\build\app\intermediates\merged_res_blame_folder\debug\mergeDebugResources\out\multi-v2\values-hy.json","4756","06/09/2026 10:21:29"
"C:\musica_eventi_e_documenti\build\app\intermediates\merged_res_blame_folder\debug\mergeDebugResources\out\multi-v2\values-in.json","4756","06/09/2026 10:21:29"
"C:\musica_eventi_e_documenti\build\app\intermediates\merged_res_blame_folder\debug\mergeDebugResources\out\multi-v2\values-is.json","4754","06/09/2026 10:21:29"
"C:\musica_eventi_e_documenti\build\app\intermediates\merged_res_blame_folder\debug\mergeDebugResources\out\multi-v2\values-it.json","4758","06/09/2026 10:21:29"
"C:\musica_eventi_e_documenti\build\app\intermediates\merged_res_blame_folder\debug\mergeDebugResources\out\multi-v2\values-iw.json","4750","06/09/2026 10:21:29"
"C:\musica_eventi_e_documenti\build\app\intermediates\merged_res_blame_folder\debug\mergeDebugResources\out\multi-v2\values-ja.json","4734","06/09/2026 10:21:29"
"C:\musica_eventi_e_documenti\build\app\intermediates\merged_res_blame_folder\debug\mergeDebugResources\out\multi-v2\values-ka.json","4758","06/09/2026 10:21:29"
"C:\musica_eventi_e_documenti\build\app\intermediates\merged_res_blame_folder\debug\mergeDebugResources\out\multi-v2\values-kk.json","4756","06/09/2026 10:21:29"
"C:\musica_eventi_e_documenti\build\app\intermediates\merged_res_blame_folder\debug\mergeDebugResources\out\multi-v2\values-km.json","4750","06/09/2026 10:21:29"
"C:\musica_eventi_e_documenti\build\app\intermediates\merged_res_blame_folder\debug\mergeDebugResources\out\multi-v2\values-kn.json","4764","06/09/2026 10:21:29"
"C:\musica_eventi_e_documenti\build\app\intermediates\merged_res_blame_folder\debug\mergeDebugResources\out\multi-v2\values-ko.json","4728","06/09/2026 10:21:29"
"C:\musica_eventi_e_documenti\build\app\intermediates\merged_res_blame_folder\debug\mergeDebugResources\out\multi-v2\values-ky.json","4762","06/09/2026 10:21:29"
"C:\musica_eventi_e_documenti\build\app\intermediates\merged_res_blame_folder\debug\mergeDebugResources\out\multi-v2\values-land.json","725","06/09/2026 10:21:29"
"C:\musica_eventi_e_documenti\build\app\intermediates\merged_res_blame_folder\debug\mergeDebugResources\out\multi-v2\values-large-v4.json","834","06/09/2026 10:21:29"
"C:\musica_eventi_e_documenti\build\app\intermediates\merged_res_blame_folder\debug\mergeDebugResources\out\multi-v2\values-ldltr-v21.json","716","06/09/2026 10:21:29"
"C:\musica_eventi_e_documenti\build\app\intermediates\merged_res_blame_folder\debug\mergeDebugResources\out\multi-v2\values-lo.json","4750","06/09/2026 10:21:29"
"C:\musica_eventi_e_documenti\build\app\intermediates\merged_res_blame_folder\debug\mergeDebugResources\out\multi-v2\values-lt.json","4768","06/09/2026 10:21:29"
"C:\musica_eventi_e_documenti\build\app\intermediates\merged_res_blame_folder\debug\mergeDebugResources\out\multi-v2\values-lv.json","4780","06/09/2026 10:21:29"
"C:\musica_eventi_e_documenti\build\app\intermediates\merged_res_blame_folder\debug\mergeDebugResources\out\multi-v2\values-mk.json","4760","06/09/2026 10:21:29"
"C:\musica_eventi_e_documenti\build\app\intermediates\merged_res_blame_folder\debug\mergeDebugResources\out\multi-v2\values-ml.json","4768","06/09/2026 10:21:29"
"C:\musica_eventi_e_documenti\build\app\intermediates\merged_res_blame_folder\debug\mergeDebugResources\out\multi-v2\values-mn.json","4758","06/09/2026 10:21:29"
"C:\musica_eventi_e_documenti\build\app\intermediates\merged_res_blame_folder\debug\mergeDebugResources\out\multi-v2\values-mr.json","4764","06/09/2026 10:21:29"
"C:\musica_eventi_e_documenti\build\app\intermediates\merged_res_blame_folder\debug\mergeDebugResources\out\multi-v2\values-ms.json","4760","06/09/2026 10:21:29"
"C:\musica_eventi_e_documenti\build\app\intermediates\merged_res_blame_folder\debug\mergeDebugResources\out\multi-v2\values-my.json","4770","06/09/2026 10:21:29"
"C:\musica_eventi_e_documenti\build\app\intermediates\merged_res_blame_folder\debug\mergeDebugResources\out\multi-v2\values-nb.json","4748","06/09/2026 10:21:29"
"C:\musica_eventi_e_documenti\build\app\intermediates\merged_res_blame_folder\debug\mergeDebugResources\out\multi-v2\values-ne.json","4764","06/09/2026 10:21:29"
"C:\musica_eventi_e_documenti\build\app\intermediates\merged_res_blame_folder\debug\mergeDebugResources\out\multi-v2\values-night-v8.json","2031","06/09/2026 10:21:29"
"C:\musica_eventi_e_documenti\build\app\intermediates\merged_res_blame_folder\debug\mergeDebugResources\out\multi-v2\values-nl.json","4760","06/09/2026 10:21:29"
"C:\musica_eventi_e_documenti\build\app\intermediates\merged_res_blame_folder\debug\mergeDebugResources\out\multi-v2\values-or.json","4772","06/09/2026 10:21:29"
"C:\musica_eventi_e_documenti\build\app\intermediates\merged_res_blame_folder\debug\mergeDebugResources\out\multi-v2\values-pa.json","4754","06/09/2026 10:21:29"
"C:\musica_eventi_e_documenti\build\app\intermediates\merged_res_blame_folder\debug\mergeDebugResources\out\multi-v2\values-pl.json","4754","06/09/2026 10:21:29"
"C:\musica_eventi_e_documenti\build\app\intermediates\merged_res_blame_folder\debug\mergeDebugResources\out\multi-v2\values-port.json","695","06/09/2026 10:21:29"
"C:\musica_eventi_e_documenti\build\app\intermediates\merged_res_blame_folder\debug\mergeDebugResources\out\multi-v2\values-pt-rBR.json","4800","06/09/2026 10:21:29"
"C:\musica_eventi_e_documenti\build\app\intermediates\merged_res_blame_folder\debug\mergeDebugResources\out\multi-v2\values-pt-rPT.json","4798","06/09/2026 10:21:29"
"C:\musica_eventi_e_documenti\build\app\intermediates\merged_res_blame_folder\debug\mergeDebugResources\out\multi-v2\values-pt.json","4760","06/09/2026 10:21:29"
"C:\musica_eventi_e_documenti\build\app\intermediates\merged_res_blame_folder\debug\mergeDebugResources\out\multi-v2\values-ro.json","4764","06/09/2026 10:21:29"
"C:\musica_eventi_e_documenti\build\app\intermediates\merged_res_blame_folder\debug\mergeDebugResources\out\multi-v2\values-ru.json","4760","06/09/2026 10:21:29"
"C:\musica_eventi_e_documenti\build\app\intermediates\merged_res_blame_folder\debug\mergeDebugResources\out\multi-v2\values-si.json","4764","06/09/2026 10:21:29"
"C:\musica_eventi_e_documenti\build\app\intermediates\merged_res_blame_folder\debug\mergeDebugResources\out\multi-v2\values-sk.json","4760","06/09/2026 10:21:29"
"C:\musica_eventi_e_documenti\build\app\intermediates\merged_res_blame_folder\debug\mergeDebugResources\out\multi-v2\values-sl.json","4760","06/09/2026 10:21:29"
"C:\musica_eventi_e_documenti\build\app\intermediates\merged_res_blame_folder\debug\mergeDebugResources\out\multi-v2\values-sq.json","4758","06/09/2026 10:21:29"
"C:\musica_eventi_e_documenti\build\app\intermediates\merged_res_blame_folder\debug\mergeDebugResources\out\multi-v2\values-sr.json","4760","06/09/2026 10:21:29"
"C:\musica_eventi_e_documenti\build\app\intermediates\merged_res_blame_folder\debug\mergeDebugResources\out\multi-v2\values-sv.json","4754","06/09/2026 10:21:29"
"C:\musica_eventi_e_documenti\build\app\intermediates\merged_res_blame_folder\debug\mergeDebugResources\out\multi-v2\values-sw.json","4758","06/09/2026 10:21:29"
"C:\musica_eventi_e_documenti\build\app\intermediates\merged_res_blame_folder\debug\mergeDebugResources\out\multi-v2\values-sw360dp-v13.json","724","06/09/2026 10:21:29"
"C:\musica_eventi_e_documenti\build\app\intermediates\merged_res_blame_folder\debug\mergeDebugResources\out\multi-v2\values-sw600dp-v13.json","828","06/09/2026 10:21:29"
"C:\musica_eventi_e_documenti\build\app\intermediates\merged_res_blame_folder\debug\mergeDebugResources\out\multi-v2\values-ta.json","4768","06/09/2026 10:21:29"
"C:\musica_eventi_e_documenti\build\app\intermediates\merged_res_blame_folder\debug\mergeDebugResources\out\multi-v2\values-te.json","4770","06/09/2026 10:21:29"
"C:\musica_eventi_e_documenti\build\app\intermediates\merged_res_blame_folder\debug\mergeDebugResources\out\multi-v2\values-th.json","4750","06/09/2026 10:21:29"
"C:\musica_eventi_e_documenti\build\app\intermediates\merged_res_blame_folder\debug\mergeDebugResources\out\multi-v2\values-tl.json","4764","06/09/2026 10:21:29"
"C:\musica_eventi_e_documenti\build\app\intermediates\merged_res_blame_folder\debug\mergeDebugResources\out\multi-v2\values-tr.json","4756","06/09/2026 10:21:29"
"C:\musica_eventi_e_documenti\build\app\intermediates\merged_res_blame_folder\debug\mergeDebugResources\out\multi-v2\values-uk.json","4762","06/09/2026 10:21:29"
"C:\musica_eventi_e_documenti\build\app\intermediates\merged_res_blame_folder\debug\mergeDebugResources\out\multi-v2\values-ur.json","4764","06/09/2026 10:21:29"
"C:\musica_eventi_e_documenti\build\app\intermediates\merged_res_blame_folder\debug\mergeDebugResources\out\multi-v2\values-uz.json","4756","06/09/2026 10:21:29"
"C:\musica_eventi_e_documenti\build\app\intermediates\merged_res_blame_folder\debug\mergeDebugResources\out\multi-v2\values-v16.json","732","06/09/2026 10:21:29"
"C:\musica_eventi_e_documenti\build\app\intermediates\merged_res_blame_folder\debug\mergeDebugResources\out\multi-v2\values-v17.json","1056","06/09/2026 10:21:29"
"C:\musica_eventi_e_documenti\build\app\intermediates\merged_res_blame_folder\debug\mergeDebugResources\out\multi-v2\values-v18.json","690","06/09/2026 10:21:29"
"C:\musica_eventi_e_documenti\build\app\intermediates\merged_res_blame_folder\debug\mergeDebugResources\out\multi-v2\values-v21.json","7069","06/09/2026 10:21:29"
"C:\musica_eventi_e_documenti\build\app\intermediates\merged_res_blame_folder\debug\mergeDebugResources\out\multi-v2\values-v22.json","784","06/09/2026 10:21:29"
"C:\musica_eventi_e_documenti\build\app\intermediates\merged_res_blame_folder\debug\mergeDebugResources\out\multi-v2\values-v23.json","998","06/09/2026 10:21:29"
"C:\musica_eventi_e_documenti\build\app\intermediates\merged_res_blame_folder\debug\mergeDebugResources\out\multi-v2\values-v24.json","1561","06/09/2026 10:21:29"
"C:\musica_eventi_e_documenti\build\app\intermediates\merged_res_blame_folder\debug\mergeDebugResources\out\multi-v2\values-v25.json","783","06/09/2026 10:21:29"
"C:\musica_eventi_e_documenti\build\app\intermediates\merged_res_blame_folder\debug\mergeDebugResources\out\multi-v2\values-v26.json","822","06/09/2026 10:21:29"
"C:\musica_eventi_e_documenti\build\app\intermediates\merged_res_blame_folder\debug\mergeDebugResources\out\multi-v2\values-v28.json","784","06/09/2026 10:21:29"
"C:\musica_eventi_e_documenti\build\app\intermediates\merged_res_blame_folder\debug\mergeDebugResources\out\multi-v2\values-vi.json","4760","06/09/2026 10:21:29"
"C:\musica_eventi_e_documenti\build\app\intermediates\merged_res_blame_folder\debug\mergeDebugResources\out\multi-v2\values-watch-v20.json","791","06/09/2026 10:21:29"
"C:\musica_eventi_e_documenti\build\app\intermediates\merged_res_blame_folder\debug\mergeDebugResources\out\multi-v2\values-watch-v21.json","792","06/09/2026 10:21:29"
"C:\musica_eventi_e_documenti\build\app\intermediates\merged_res_blame_folder\debug\mergeDebugResources\out\multi-v2\values-xlarge-v4.json","790","06/09/2026 10:21:29"
"C:\musica_eventi_e_documenti\build\app\intermediates\merged_res_blame_folder\debug\mergeDebugResources\out\multi-v2\values-zh-rCN.json","4768","06/09/2026 10:21:29"
"C:\musica_eventi_e_documenti\build\app\intermediates\merged_res_blame_folder\debug\mergeDebugResources\out\multi-v2\values-zh-rHK.json","4766","06/09/2026 10:21:29"
"C:\musica_eventi_e_documenti\build\app\intermediates\merged_res_blame_folder\debug\mergeDebugResources\out\multi-v2\values-zh-rTW.json","4766","06/09/2026 10:21:29"
"C:\musica_eventi_e_documenti\build\app\intermediates\merged_res_blame_folder\debug\mergeDebugResources\out\multi-v2\values-zu.json","4760","06/09/2026 10:21:29"
"C:\musica_eventi_e_documenti\build\app\intermediates\merged_res_blame_folder\debug\mergeDebugResources\out\multi-v2\values.json","57858","06/09/2026 10:21:29"
"C:\musica_eventi_e_documenti\build\app\intermediates\merged_res_blame_folder\debug\mergeDebugResources\out\single\mergeDebugResources.json","1336","06/09/2026 10:21:29"
"C:\musica_eventi_e_documenti\build\app\intermediates\navigation_json\debug\extractDeepLinksDebug\navigation.json","2","06/09/2026 09:41:38"
"C:\musica_eventi_e_documenti\build\app\intermediates\packaged_manifests\debug\processDebugManifestForPackage\AndroidManifest.xml","11785","06/09/2026 10:21:29"
"C:\musica_eventi_e_documenti\build\app\intermediates\packaged_manifests\debug\processDebugManifestForPackage\output-metadata.json","408","06/09/2026 10:21:30"
"C:\musica_eventi_e_documenti\build\app\intermediates\packaged_res\debug\packageDebugResources\drawable-v21\launch_background.xml","450","18/08/2026 17:19:42"
"C:\musica_eventi_e_documenti\build\app\intermediates\packaged_res\debug\packageDebugResources\values\values.xml","413","06/09/2026 09:41:38"
"C:\musica_eventi_e_documenti\build\app\intermediates\packaged_res\debug\packageDebugResources\values-night-v8\values-night-v8.xml","413","06/09/2026 09:41:38"
"C:\musica_eventi_e_documenti\build\app\intermediates\signing_config_versions\debug\writeDebugSigningConfigVersions\signing-config-versions.json","96","06/09/2026 09:42:04"
"C:\musica_eventi_e_documenti\build\app\outputs\apk\debug\output-metadata.json","419","07/09/2026 12:19:47"
"C:\musica_eventi_e_documenti\build\app\deeplink.json","103","06/09/2026 10:21:29"
"C:\musica_eventi_e_documenti\build\audioplayers_android\intermediates\aapt_friendly_merged_manifests\debug\processDebugManifest\aapt\AndroidManifest.xml","208","06/09/2026 09:41:38"
"C:\musica_eventi_e_documenti\build\audioplayers_android\intermediates\aapt_friendly_merged_manifests\debug\processDebugManifest\aapt\output-metadata.json","352","06/09/2026 09:41:38"
"C:\musica_eventi_e_documenti\build\audioplayers_android\intermediates\annotation_processor_list\debug\javaPreCompileDebug\annotationProcessors.json","2","06/09/2026 09:41:39"
"C:\musica_eventi_e_documenti\build\audioplayers_android\intermediates\incremental\debug\packageDebugResources\merger.xml","2050","06/09/2026 09:41:37"
"C:\musica_eventi_e_documenti\build\audioplayers_android\intermediates\incremental\mergeDebugAssets\merger.xml","825","06/09/2026 09:41:36"
"C:\musica_eventi_e_documenti\build\audioplayers_android\intermediates\incremental\mergeDebugJniLibFolders\merger.xml","566","06/09/2026 09:42:03"
"C:\musica_eventi_e_documenti\build\audioplayers_android\intermediates\incremental\mergeDebugShaders\merger.xml","566","06/09/2026 09:41:36"
"C:\musica_eventi_e_documenti\build\audioplayers_android\intermediates\merged_manifest\debug\processDebugManifest\AndroidManifest.xml","208","06/09/2026 09:41:38"
"C:\musica_eventi_e_documenti\build\audioplayers_android\intermediates\navigation_json\debug\extractDeepLinksDebug\navigation.json","2","06/09/2026 09:41:38"
"C:\musica_eventi_e_documenti\build\connectivity_plus\intermediates\aapt_friendly_merged_manifests\debug\processDebugManifest\aapt\AndroidManifest.xml","307","06/09/2026 09:41:38"
"C:\musica_eventi_e_documenti\build\connectivity_plus\intermediates\aapt_friendly_merged_manifests\debug\processDebugManifest\aapt\output-metadata.json","369","06/09/2026 09:41:38"
"C:\musica_eventi_e_documenti\build\connectivity_plus\intermediates\annotation_processor_list\debug\javaPreCompileDebug\annotationProcessors.json","2","06/09/2026 09:41:39"
"C:\musica_eventi_e_documenti\build\connectivity_plus\intermediates\incremental\debug\packageDebugResources\merger.xml","2032","06/09/2026 09:41:37"
"C:\musica_eventi_e_documenti\build\connectivity_plus\intermediates\incremental\mergeDebugAssets\merger.xml","816","06/09/2026 09:41:36"
"C:\musica_eventi_e_documenti\build\connectivity_plus\intermediates\incremental\mergeDebugJniLibFolders\merger.xml","560","06/09/2026 09:42:03"
"C:\musica_eventi_e_documenti\build\connectivity_plus\intermediates\incremental\mergeDebugShaders\merger.xml","560","06/09/2026 09:41:36"
"C:\musica_eventi_e_documenti\build\connectivity_plus\intermediates\merged_manifest\debug\processDebugManifest\AndroidManifest.xml","307","06/09/2026 09:41:38"
"C:\musica_eventi_e_documenti\build\connectivity_plus\intermediates\navigation_json\debug\extractDeepLinksDebug\navigation.json","2","06/09/2026 09:41:38"
"C:\musica_eventi_e_documenti\build\device_manager\intermediates\aapt_friendly_merged_manifests\debug\processDebugManifest\aapt\AndroidManifest.xml","354","06/09/2026 09:41:38"
"C:\musica_eventi_e_documenti\build\device_manager\intermediates\aapt_friendly_merged_manifests\debug\processDebugManifest\aapt\output-metadata.json","357","06/09/2026 09:41:38"
"C:\musica_eventi_e_documenti\build\device_manager\intermediates\annotation_processor_list\debug\javaPreCompileDebug\annotationProcessors.json","2","06/09/2026 09:41:40"
"C:\musica_eventi_e_documenti\build\device_manager\intermediates\incremental\debug\packageDebugResources\merger.xml","2014","06/09/2026 09:41:37"
"C:\musica_eventi_e_documenti\build\device_manager\intermediates\incremental\mergeDebugAssets\merger.xml","807","06/09/2026 09:41:36"
"C:\musica_eventi_e_documenti\build\device_manager\intermediates\incremental\mergeDebugJniLibFolders\merger.xml","554","06/09/2026 09:42:03"
"C:\musica_eventi_e_documenti\build\device_manager\intermediates\incremental\mergeDebugShaders\merger.xml","554","06/09/2026 09:41:36"
"C:\musica_eventi_e_documenti\build\device_manager\intermediates\merged_manifest\debug\processDebugManifest\AndroidManifest.xml","354","06/09/2026 09:41:38"
"C:\musica_eventi_e_documenti\build\device_manager\intermediates\navigation_json\debug\extractDeepLinksDebug\navigation.json","2","06/09/2026 09:41:38"
"C:\musica_eventi_e_documenti\build\file_picker\intermediates\aapt_friendly_merged_manifests\debug\processDebugManifest\aapt\AndroidManifest.xml","409","06/09/2026 09:41:38"
"C:\musica_eventi_e_documenti\build\file_picker\intermediates\aapt_friendly_merged_manifests\debug\processDebugManifest\aapt\output-metadata.json","363","06/09/2026 09:41:38"
"C:\musica_eventi_e_documenti\build\file_picker\intermediates\annotation_processor_list\debug\javaPreCompileDebug\annotationProcessors.json","2","06/09/2026 09:41:40"
"C:\musica_eventi_e_documenti\build\file_picker\intermediates\incremental\debug\packageDebugResources\merger.xml","1996","06/09/2026 09:41:37"
"C:\musica_eventi_e_documenti\build\file_picker\intermediates\incremental\mergeDebugAssets\merger.xml","798","06/09/2026 09:41:36"
"C:\musica_eventi_e_documenti\build\file_picker\intermediates\incremental\mergeDebugJniLibFolders\merger.xml","548","06/09/2026 09:42:03"
"C:\musica_eventi_e_documenti\build\file_picker\intermediates\incremental\mergeDebugShaders\merger.xml","548","06/09/2026 09:41:36"
"C:\musica_eventi_e_documenti\build\file_picker\intermediates\merged_manifest\debug\processDebugManifest\AndroidManifest.xml","409","06/09/2026 09:41:38"
"C:\musica_eventi_e_documenti\build\file_picker\intermediates\navigation_json\debug\extractDeepLinksDebug\navigation.json","2","06/09/2026 09:41:38"
"C:\musica_eventi_e_documenti\build\flutter_assets\assets\db\init.sql","13381","02/08/2026 15:07:52"
"C:\musica_eventi_e_documenti\build\flutter_assets\assets\html\abc_viewer_template.html","12180","17/08/2026 22:42:38"
"C:\musica_eventi_e_documenti\build\flutter_assets\assets\html\spartito-viewer.html","31777","06/09/2026 09:10:04"
"C:\musica_eventi_e_documenti\build\flutter_assets\packages\flutter_inappwebview\assets\t_rex_runner\t-rex.css","1688","12/08/2026 18:11:36"
"C:\musica_eventi_e_documenti\build\flutter_assets\packages\flutter_inappwebview\assets\t_rex_runner\t-rex.html","82244","12/08/2026 18:11:36"
"C:\musica_eventi_e_documenti\build\flutter_assets\packages\flutter_inappwebview_web\assets\web\web_support.js","28409","12/08/2026 18:11:35"
"C:\musica_eventi_e_documenti\build\flutter_assets\FontManifest.json","208","07/09/2026 16:46:05"
"C:\musica_eventi_e_documenti\build\flutter_assets\NativeAssetsManifest.json","131","07/09/2026 16:46:03"
"C:\musica_eventi_e_documenti\build\flutter_inappwebview_android\intermediates\aapt_friendly_merged_manifests\debug\processDebugManifest\aapt\AndroidManifest.xml","2182","06/09/2026 09:41:38"
"C:\musica_eventi_e_documenti\build\flutter_inappwebview_android\intermediates\aapt_friendly_merged_manifests\debug\processDebugManifest\aapt\output-metadata.json","379","06/09/2026 09:41:38"
"C:\musica_eventi_e_documenti\build\flutter_inappwebview_android\intermediates\annotation_processor_list\debug\javaPreCompileDebug\annotationProcessors.json","2","06/09/2026 09:41:40"
"C:\musica_eventi_e_documenti\build\flutter_inappwebview_android\intermediates\incremental\debug\packageDebugResources\merged.dir\values\values.xml","962","06/09/2026 09:41:37"
"C:\musica_eventi_e_documenti\build\flutter_inappwebview_android\intermediates\incremental\debug\packageDebugResources\merger.xml","4755","06/09/2026 09:41:37"
"C:\musica_eventi_e_documenti\build\flutter_inappwebview_android\intermediates\incremental\mergeDebugAssets\merger.xml","849","06/09/2026 09:41:36"
"C:\musica_eventi_e_documenti\build\flutter_inappwebview_android\intermediates\incremental\mergeDebugJniLibFolders\merger.xml","582","06/09/2026 09:42:03"
"C:\musica_eventi_e_documenti\build\flutter_inappwebview_android\intermediates\incremental\mergeDebugShaders\merger.xml","582","06/09/2026 09:41:36"
"C:\musica_eventi_e_documenti\build\flutter_inappwebview_android\intermediates\merged_manifest\debug\processDebugManifest\AndroidManifest.xml","2182","06/09/2026 09:41:38"
"C:\musica_eventi_e_documenti\build\flutter_inappwebview_android\intermediates\navigation_json\debug\extractDeepLinksDebug\navigation.json","2","06/09/2026 09:41:38"
"C:\musica_eventi_e_documenti\build\flutter_inappwebview_android\intermediates\packaged_res\debug\packageDebugResources\drawable\floating_action_mode_shape.xml","215","12/08/2026 18:11:36"
"C:\musica_eventi_e_documenti\build\flutter_inappwebview_android\intermediates\packaged_res\debug\packageDebugResources\layout\activity_web_view.xml","1363","12/08/2026 18:11:36"
"C:\musica_eventi_e_documenti\build\flutter_inappwebview_android\intermediates\packaged_res\debug\packageDebugResources\layout\chrome_custom_tabs_layout.xml","211","12/08/2026 18:11:36"
"C:\musica_eventi_e_documenti\build\flutter_inappwebview_android\intermediates\packaged_res\debug\packageDebugResources\layout\floating_action_mode.xml","645","12/08/2026 18:11:36"
"C:\musica_eventi_e_documenti\build\flutter_inappwebview_android\intermediates\packaged_res\debug\packageDebugResources\layout\floating_action_mode_item.xml","482","12/08/2026 18:11:36"
"C:\musica_eventi_e_documenti\build\flutter_inappwebview_android\intermediates\packaged_res\debug\packageDebugResources\menu\menu_main.xml","1683","12/08/2026 18:11:36"
"C:\musica_eventi_e_documenti\build\flutter_inappwebview_android\intermediates\packaged_res\debug\packageDebugResources\values\values.xml","962","06/09/2026 09:41:37"
"C:\musica_eventi_e_documenti\build\flutter_inappwebview_android\intermediates\packaged_res\debug\packageDebugResources\xml\provider_paths.xml","166","12/08/2026 18:11:36"
"C:\musica_eventi_e_documenti\build\flutter_local_notifications\intermediates\aapt_friendly_merged_manifests\debug\processDebugManifest\aapt\AndroidManifest.xml","373","06/09/2026 09:41:38"
"C:\musica_eventi_e_documenti\build\flutter_local_notifications\intermediates\aapt_friendly_merged_manifests\debug\processDebugManifest\aapt\output-metadata.json","370","06/09/2026 09:41:38"
"C:\musica_eventi_e_documenti\build\flutter_local_notifications\intermediates\annotation_processor_list\debug\javaPreCompileDebug\annotationProcessors.json","2","06/09/2026 09:41:44"
"C:\musica_eventi_e_documenti\build\flutter_local_notifications\intermediates\incremental\debug\packageDebugResources\merger.xml","2096","06/09/2026 09:41:37"
"C:\musica_eventi_e_documenti\build\flutter_local_notifications\intermediates\incremental\mergeDebugAssets\merger.xml","848","06/09/2026 09:41:36"
"C:\musica_eventi_e_documenti\build\flutter_local_notifications\intermediates\incremental\mergeDebugJniLibFolders\merger.xml","582","06/09/2026 09:42:03"
"C:\musica_eventi_e_documenti\build\flutter_local_notifications\intermediates\incremental\mergeDebugShaders\merger.xml","582","06/09/2026 09:41:36"
"C:\musica_eventi_e_documenti\build\flutter_local_notifications\intermediates\merged_manifest\debug\processDebugManifest\AndroidManifest.xml","373","06/09/2026 09:41:38"
"C:\musica_eventi_e_documenti\build\flutter_local_notifications\intermediates\navigation_json\debug\extractDeepLinksDebug\navigation.json","2","06/09/2026 09:41:38"
"C:\musica_eventi_e_documenti\build\flutter_midi_command\intermediates\aapt_friendly_merged_manifests\debug\processDebugManifest\aapt\AndroidManifest.xml","1761","06/09/2026 09:41:38"
"C:\musica_eventi_e_documenti\build\flutter_midi_command\intermediates\aapt_friendly_merged_manifests\debug\processDebugManifest\aapt\output-metadata.json","379","06/09/2026 09:41:38"
"C:\musica_eventi_e_documenti\build\flutter_midi_command\intermediates\annotation_processor_list\debug\javaPreCompileDebug\annotationProcessors.json","2","06/09/2026 09:41:45"
"C:\musica_eventi_e_documenti\build\flutter_midi_command\intermediates\incremental\debug\packageDebugResources\merger.xml","2254","06/09/2026 09:41:37"
"C:\musica_eventi_e_documenti\build\flutter_midi_command\intermediates\incremental\mergeDebugAssets\merger.xml","825","06/09/2026 09:41:36"
"C:\musica_eventi_e_documenti\build\flutter_midi_command\intermediates\incremental\mergeDebugJniLibFolders\merger.xml","566","06/09/2026 09:42:03"
"C:\musica_eventi_e_documenti\build\flutter_midi_command\intermediates\incremental\mergeDebugShaders\merger.xml","566","06/09/2026 09:41:36"
"C:\musica_eventi_e_documenti\build\flutter_midi_command\intermediates\merged_manifest\debug\processDebugManifest\AndroidManifest.xml","1761","06/09/2026 09:41:38"
"C:\musica_eventi_e_documenti\build\flutter_midi_command\intermediates\navigation_json\debug\extractDeepLinksDebug\navigation.json","2","06/09/2026 09:41:38"
"C:\musica_eventi_e_documenti\build\flutter_midi_command\intermediates\packaged_res\debug\packageDebugResources\xml\virtual_device_info.xml","208","05/09/2026 17:45:25"
"C:\musica_eventi_e_documenti\build\flutter_plugin_android_lifecycle\intermediates\aapt_friendly_merged_manifests\debug\processDebugManifest\aapt\AndroidManifest.xml","238","06/09/2026 09:41:38"
"C:\musica_eventi_e_documenti\build\flutter_plugin_android_lifecycle\intermediates\aapt_friendly_merged_manifests\debug\processDebugManifest\aapt\output-metadata.json","382","06/09/2026 09:41:38"
"C:\musica_eventi_e_documenti\build\flutter_plugin_android_lifecycle\intermediates\annotation_processor_list\debug\javaPreCompileDebug\annotationProcessors.json","2","06/09/2026 09:41:40"
"C:\musica_eventi_e_documenti\build\flutter_plugin_android_lifecycle\intermediates\incremental\debug\packageDebugResources\merger.xml","2126","06/09/2026 09:41:37"
"C:\musica_eventi_e_documenti\build\flutter_plugin_android_lifecycle\intermediates\incremental\mergeDebugAssets\merger.xml","863","06/09/2026 09:41:36"
"C:\musica_eventi_e_documenti\build\flutter_plugin_android_lifecycle\intermediates\incremental\mergeDebugJniLibFolders\merger.xml","592","06/09/2026 09:42:03"
"C:\musica_eventi_e_documenti\build\flutter_plugin_android_lifecycle\intermediates\incremental\mergeDebugShaders\merger.xml","592","06/09/2026 09:41:36"
"C:\musica_eventi_e_documenti\build\flutter_plugin_android_lifecycle\intermediates\merged_manifest\debug\processDebugManifest\AndroidManifest.xml","238","06/09/2026 09:41:38"
"C:\musica_eventi_e_documenti\build\flutter_plugin_android_lifecycle\intermediates\navigation_json\debug\extractDeepLinksDebug\navigation.json","2","06/09/2026 09:41:38"
"C:\musica_eventi_e_documenti\build\image_picker_android\intermediates\aapt_friendly_merged_manifests\debug\processDebugManifest\aapt\AndroidManifest.xml","1403","06/09/2026 09:41:38"
"C:\musica_eventi_e_documenti\build\image_picker_android\intermediates\aapt_friendly_merged_manifests\debug\processDebugManifest\aapt\output-metadata.json","361","06/09/2026 09:41:38"
"C:\musica_eventi_e_documenti\build\image_picker_android\intermediates\annotation_processor_list\debug\javaPreCompileDebug\annotationProcessors.json","2","06/09/2026 09:41:45"
"C:\musica_eventi_e_documenti\build\image_picker_android\intermediates\incremental\debug\packageDebugResources\merger.xml","2298","06/09/2026 09:41:37"
"C:\musica_eventi_e_documenti\build\image_picker_android\intermediates\incremental\mergeDebugAssets\merger.xml","833","06/09/2026 09:41:36"
"C:\musica_eventi_e_documenti\build\image_picker_android\intermediates\incremental\mergeDebugJniLibFolders\merger.xml","574","06/09/2026 09:42:03"
"C:\musica_eventi_e_documenti\build\image_picker_android\intermediates\incremental\mergeDebugShaders\merger.xml","574","06/09/2026 09:41:36"
"C:\musica_eventi_e_documenti\build\image_picker_android\intermediates\merged_manifest\debug\processDebugManifest\AndroidManifest.xml","1374","06/09/2026 09:41:38"
"C:\musica_eventi_e_documenti\build\image_picker_android\intermediates\navigation_json\debug\extractDeepLinksDebug\navigation.json","2","06/09/2026 09:41:38"
"C:\musica_eventi_e_documenti\build\image_picker_android\intermediates\packaged_res\debug\packageDebugResources\xml\flutter_image_picker_file_paths.xml","103","03/08/2026 17:19:00"
"C:\musica_eventi_e_documenti\build\jni\intermediates\aapt_friendly_merged_manifests\debug\processDebugManifest\aapt\AndroidManifest.xml","211","06/09/2026 09:41:38"
"C:\musica_eventi_e_documenti\build\jni\intermediates\aapt_friendly_merged_manifests\debug\processDebugManifest\aapt\output-metadata.json","355","06/09/2026 09:41:38"
"C:\musica_eventi_e_documenti\build\jni\intermediates\annotation_processor_list\debug\javaPreCompileDebug\annotationProcessors.json","2","06/09/2026 09:41:45"
"C:\musica_eventi_e_documenti\build\jni\intermediates\cxx\Debug\5b6g195f\logs\arm64-v8a\build_model.json","8936","07/09/2026 12:22:32"
"C:\musica_eventi_e_documenti\build\jni\intermediates\cxx\Debug\5b6g195f\logs\arm64-v8a\metadata_generation_record.json","1326","07/09/2026 12:22:32"
"C:\musica_eventi_e_documenti\build\jni\intermediates\cxx\Debug\5b6g195f\logs\armeabi-v7a\build_model.json","8956","07/09/2026 12:22:32"
"C:\musica_eventi_e_documenti\build\jni\intermediates\cxx\Debug\5b6g195f\logs\armeabi-v7a\metadata_generation_record.json","1336","07/09/2026 12:22:32"
"C:\musica_eventi_e_documenti\build\jni\intermediates\cxx\Debug\5b6g195f\logs\x86\build_model.json","8868","07/09/2026 12:22:32"
"C:\musica_eventi_e_documenti\build\jni\intermediates\cxx\Debug\5b6g195f\logs\x86\metadata_generation_record.json","1296","07/09/2026 12:22:32"
"C:\musica_eventi_e_documenti\build\jni\intermediates\cxx\Debug\5b6g195f\logs\x86_64\build_model.json","8905","07/09/2026 12:22:32"
"C:\musica_eventi_e_documenti\build\jni\intermediates\cxx\Debug\5b6g195f\logs\x86_64\metadata_generation_record.json","1311","07/09/2026 12:22:32"
"C:\musica_eventi_e_documenti\build\jni\intermediates\incremental\debug\packageDebugResources\merger.xml","1948","06/09/2026 09:41:37"
"C:\musica_eventi_e_documenti\build\jni\intermediates\incremental\mergeDebugAssets\merger.xml","774","06/09/2026 09:41:36"
"C:\musica_eventi_e_documenti\build\jni\intermediates\incremental\mergeDebugJniLibFolders\merger.xml","532","06/09/2026 09:42:04"
"C:\musica_eventi_e_documenti\build\jni\intermediates\incremental\mergeDebugShaders\merger.xml","532","06/09/2026 09:41:36"
"C:\musica_eventi_e_documenti\build\jni\intermediates\merged_manifest\debug\processDebugManifest\AndroidManifest.xml","211","06/09/2026 09:41:38"
"C:\musica_eventi_e_documenti\build\jni\intermediates\navigation_json\debug\extractDeepLinksDebug\navigation.json","2","06/09/2026 09:41:38"
"C:\musica_eventi_e_documenti\build\jni_flutter\intermediates\aapt_friendly_merged_manifests\debug\processDebugManifest\aapt\AndroidManifest.xml","219","06/09/2026 09:41:38"
"C:\musica_eventi_e_documenti\build\jni_flutter\intermediates\aapt_friendly_merged_manifests\debug\processDebugManifest\aapt\output-metadata.json","363","06/09/2026 09:41:38"
"C:\musica_eventi_e_documenti\build\jni_flutter\intermediates\annotation_processor_list\debug\javaPreCompileDebug\annotationProcessors.json","2","06/09/2026 09:41:45"
"C:\musica_eventi_e_documenti\build\jni_flutter\intermediates\incremental\debug\packageDebugResources\merger.xml","1996","06/09/2026 09:41:37"
"C:\musica_eventi_e_documenti\build\jni_flutter\intermediates\incremental\mergeDebugAssets\merger.xml","798","06/09/2026 09:41:36"
"C:\musica_eventi_e_documenti\build\jni_flutter\intermediates\incremental\mergeDebugJniLibFolders\merger.xml","548","06/09/2026 09:42:04"
"C:\musica_eventi_e_documenti\build\jni_flutter\intermediates\incremental\mergeDebugShaders\merger.xml","548","06/09/2026 09:41:36"
"C:\musica_eventi_e_documenti\build\jni_flutter\intermediates\merged_manifest\debug\processDebugManifest\AndroidManifest.xml","219","06/09/2026 09:41:38"
"C:\musica_eventi_e_documenti\build\jni_flutter\intermediates\navigation_json\debug\extractDeepLinksDebug\navigation.json","2","06/09/2026 09:41:38"
"C:\musica_eventi_e_documenti\build\open_filex\intermediates\aapt_friendly_merged_manifests\debug\processDebugManifest\aapt\AndroidManifest.xml","1166","06/09/2026 09:41:38"
"C:\musica_eventi_e_documenti\build\open_filex\intermediates\aapt_friendly_merged_manifests\debug\processDebugManifest\aapt\output-metadata.json","354","06/09/2026 09:41:38"
"C:\musica_eventi_e_documenti\build\open_filex\intermediates\annotation_processor_list\debug\javaPreCompileDebug\annotationProcessors.json","2","06/09/2026 09:41:46"
"C:\musica_eventi_e_documenti\build\open_filex\intermediates\incremental\debug\packageDebugResources\merger.xml","2164","06/09/2026 09:41:37"
"C:\musica_eventi_e_documenti\build\open_filex\intermediates\incremental\mergeDebugAssets\merger.xml","795","06/09/2026 09:41:36"
"C:\musica_eventi_e_documenti\build\open_filex\intermediates\incremental\mergeDebugJniLibFolders\merger.xml","546","06/09/2026 09:42:04"
"C:\musica_eventi_e_documenti\build\open_filex\intermediates\incremental\mergeDebugShaders\merger.xml","546","06/09/2026 09:41:36"
"C:\musica_eventi_e_documenti\build\open_filex\intermediates\merged_manifest\debug\processDebugManifest\AndroidManifest.xml","1137","06/09/2026 09:41:38"
"C:\musica_eventi_e_documenti\build\open_filex\intermediates\navigation_json\debug\extractDeepLinksDebug\navigation.json","2","06/09/2026 09:41:38"
"C:\musica_eventi_e_documenti\build\open_filex\intermediates\packaged_res\debug\packageDebugResources\xml\filepaths.xml","488","04/09/2026 08:11:57"
"C:\musica_eventi_e_documenti\build\printing\intermediates\aapt_friendly_merged_manifests\debug\processDebugManifest\aapt\AndroidManifest.xml","715","06/09/2026 09:41:38"
"C:\musica_eventi_e_documenti\build\printing\intermediates\aapt_friendly_merged_manifests\debug\processDebugManifest\aapt\output-metadata.json","356","06/09/2026 09:41:38"
"C:\musica_eventi_e_documenti\build\printing\intermediates\annotation_processor_list\debug\javaPreCompileDebug\annotationProcessors.json","2","06/09/2026 09:41:46"
"C:\musica_eventi_e_documenti\build\printing\intermediates\incremental\debug\packageDebugResources\merger.xml","2191","06/09/2026 09:41:37"
"C:\musica_eventi_e_documenti\build\printing\intermediates\incremental\mergeDebugAssets\merger.xml","791","06/09/2026 09:41:36"
"C:\musica_eventi_e_documenti\build\printing\intermediates\incremental\mergeDebugJniLibFolders\merger.xml","544","06/09/2026 09:42:04"
"C:\musica_eventi_e_documenti\build\printing\intermediates\incremental\mergeDebugShaders\merger.xml","544","06/09/2026 09:41:36"
"C:\musica_eventi_e_documenti\build\printing\intermediates\merged_manifest\debug\processDebugManifest\AndroidManifest.xml","686","06/09/2026 09:41:38"
"C:\musica_eventi_e_documenti\build\printing\intermediates\navigation_json\debug\extractDeepLinksDebug\navigation.json","2","06/09/2026 09:41:38"
"C:\musica_eventi_e_documenti\build\printing\intermediates\packaged_res\debug\packageDebugResources\xml\flutter_printing_file_paths.xml","102","03/08/2026 17:19:12"
"C:\musica_eventi_e_documenti\build\reports\problems\problems-report.html","147177","07/09/2026 12:22:32"
"C:\musica_eventi_e_documenti\build\shared_preferences_android\intermediates\aapt_friendly_merged_manifests\debug\processDebugManifest\aapt\AndroidManifest.xml","223","06/09/2026 09:41:38"
"C:\musica_eventi_e_documenti\build\shared_preferences_android\intermediates\aapt_friendly_merged_manifests\debug\processDebugManifest\aapt\output-metadata.json","367","06/09/2026 09:41:38"
"C:\musica_eventi_e_documenti\build\shared_preferences_android\intermediates\annotation_processor_list\debug\javaPreCompileDebug\annotationProcessors.json","2","06/09/2026 09:41:47"
"C:\musica_eventi_e_documenti\build\shared_preferences_android\intermediates\incremental\debug\packageDebugResources\merger.xml","2090","06/09/2026 09:41:37"
"C:\musica_eventi_e_documenti\build\shared_preferences_android\intermediates\incremental\mergeDebugAssets\merger.xml","845","06/09/2026 09:41:36"
"C:\musica_eventi_e_documenti\build\shared_preferences_android\intermediates\incremental\mergeDebugJniLibFolders\merger.xml","580","06/09/2026 09:42:04"
"C:\musica_eventi_e_documenti\build\shared_preferences_android\intermediates\incremental\mergeDebugShaders\merger.xml","580","06/09/2026 09:41:36"
"C:\musica_eventi_e_documenti\build\shared_preferences_android\intermediates\merged_manifest\debug\processDebugManifest\AndroidManifest.xml","223","06/09/2026 09:41:38"
"C:\musica_eventi_e_documenti\build\shared_preferences_android\intermediates\navigation_json\debug\extractDeepLinksDebug\navigation.json","2","06/09/2026 09:41:38"
"C:\musica_eventi_e_documenti\build\share_plus\intermediates\aapt_friendly_merged_manifests\debug\processDebugManifest\aapt\AndroidManifest.xml","1390","06/09/2026 09:41:38"
"C:\musica_eventi_e_documenti\build\share_plus\intermediates\aapt_friendly_merged_manifests\debug\processDebugManifest\aapt\output-metadata.json","362","06/09/2026 09:41:38"
"C:\musica_eventi_e_documenti\build\share_plus\intermediates\annotation_processor_list\debug\javaPreCompileDebug\annotationProcessors.json","2","06/09/2026 09:41:47"
"C:\musica_eventi_e_documenti\build\share_plus\intermediates\incremental\debug\packageDebugResources\merger.xml","2199","06/09/2026 09:41:37"
"C:\musica_eventi_e_documenti\build\share_plus\intermediates\incremental\mergeDebugAssets\merger.xml","797","06/09/2026 09:41:36"
"C:\musica_eventi_e_documenti\build\share_plus\intermediates\incremental\mergeDebugJniLibFolders\merger.xml","548","06/09/2026 09:42:04"
"C:\musica_eventi_e_documenti\build\share_plus\intermediates\incremental\mergeDebugShaders\merger.xml","548","06/09/2026 09:41:36"
"C:\musica_eventi_e_documenti\build\share_plus\intermediates\merged_manifest\debug\processDebugManifest\AndroidManifest.xml","1361","06/09/2026 09:41:38"
"C:\musica_eventi_e_documenti\build\share_plus\intermediates\navigation_json\debug\extractDeepLinksDebug\navigation.json","2","06/09/2026 09:41:38"
"C:\musica_eventi_e_documenti\build\share_plus\intermediates\packaged_res\debug\packageDebugResources\xml\flutter_share_file_paths.xml","245","03/09/2026 13:19:03"
"C:\musica_eventi_e_documenti\build\sqflite_android\intermediates\aapt_friendly_merged_manifests\debug\processDebugManifest\aapt\AndroidManifest.xml","207","06/09/2026 09:41:38"
"C:\musica_eventi_e_documenti\build\sqflite_android\intermediates\aapt_friendly_merged_manifests\debug\processDebugManifest\aapt\output-metadata.json","351","06/09/2026 09:41:38"
"C:\musica_eventi_e_documenti\build\sqflite_android\intermediates\annotation_processor_list\debug\javaPreCompileDebug\annotationProcessors.json","2","06/09/2026 09:41:47"
"C:\musica_eventi_e_documenti\build\sqflite_android\intermediates\incremental\debug\packageDebugResources\merger.xml","2028","06/09/2026 09:41:37"
"C:\musica_eventi_e_documenti\build\sqflite_android\intermediates\incremental\mergeDebugAssets\merger.xml","814","06/09/2026 09:41:36"
"C:\musica_eventi_e_documenti\build\sqflite_android\intermediates\incremental\mergeDebugJniLibFolders\merger.xml","560","06/09/2026 09:42:04"
"C:\musica_eventi_e_documenti\build\sqflite_android\intermediates\incremental\mergeDebugShaders\merger.xml","560","06/09/2026 09:41:36"
"C:\musica_eventi_e_documenti\build\sqflite_android\intermediates\merged_manifest\debug\processDebugManifest\AndroidManifest.xml","207","06/09/2026 09:41:38"
"C:\musica_eventi_e_documenti\build\sqflite_android\intermediates\navigation_json\debug\extractDeepLinksDebug\navigation.json","2","06/09/2026 09:41:38"
"C:\musica_eventi_e_documenti\build\universal_ble\intermediates\aapt_friendly_merged_manifests\debug\processDebugManifest\aapt\AndroidManifest.xml","501","06/09/2026 09:41:38"
"C:\musica_eventi_e_documenti\build\universal_ble\intermediates\aapt_friendly_merged_manifests\debug\processDebugManifest\aapt\output-metadata.json","357","06/09/2026 09:41:38"
"C:\musica_eventi_e_documenti\build\universal_ble\intermediates\annotation_processor_list\debug\javaPreCompileDebug\annotationProcessors.json","2","06/09/2026 09:41:49"
"C:\musica_eventi_e_documenti\build\universal_ble\intermediates\incremental\debug\packageDebugResources\merger.xml","2012","06/09/2026 09:41:37"
"C:\musica_eventi_e_documenti\build\universal_ble\intermediates\incremental\mergeDebugAssets\merger.xml","806","06/09/2026 09:41:36"
"C:\musica_eventi_e_documenti\build\universal_ble\intermediates\incremental\mergeDebugJniLibFolders\merger.xml","554","06/09/2026 09:42:04"
"C:\musica_eventi_e_documenti\build\universal_ble\intermediates\incremental\mergeDebugShaders\merger.xml","554","06/09/2026 09:41:36"
"C:\musica_eventi_e_documenti\build\universal_ble\intermediates\merged_manifest\debug\processDebugManifest\AndroidManifest.xml","501","06/09/2026 09:41:38"
"C:\musica_eventi_e_documenti\build\universal_ble\intermediates\navigation_json\debug\extractDeepLinksDebug\navigation.json","2","06/09/2026 09:41:38"
"C:\musica_eventi_e_documenti\build\url_launcher_android\intermediates\aapt_friendly_merged_manifests\debug\processDebugManifest\aapt\AndroidManifest.xml","465","06/09/2026 09:41:38"
"C:\musica_eventi_e_documenti\build\url_launcher_android\intermediates\aapt_friendly_merged_manifests\debug\processDebugManifest\aapt\output-metadata.json","361","06/09/2026 09:41:38"
"C:\musica_eventi_e_documenti\build\url_launcher_android\intermediates\annotation_processor_list\debug\javaPreCompileDebug\annotationProcessors.json","2","06/09/2026 09:41:49"
"C:\musica_eventi_e_documenti\build\url_launcher_android\intermediates\incremental\debug\packageDebugResources\merger.xml","2054","06/09/2026 09:41:37"
"C:\musica_eventi_e_documenti\build\url_launcher_android\intermediates\incremental\mergeDebugAssets\merger.xml","827","06/09/2026 09:41:36"
"C:\musica_eventi_e_documenti\build\url_launcher_android\intermediates\incremental\mergeDebugJniLibFolders\merger.xml","568","06/09/2026 09:42:04"
"C:\musica_eventi_e_documenti\build\url_launcher_android\intermediates\incremental\mergeDebugShaders\merger.xml","568","06/09/2026 09:41:36"
"C:\musica_eventi_e_documenti\build\url_launcher_android\intermediates\merged_manifest\debug\processDebugManifest\AndroidManifest.xml","465","06/09/2026 09:41:38"
"C:\musica_eventi_e_documenti\build\url_launcher_android\intermediates\navigation_json\debug\extractDeepLinksDebug\navigation.json","2","06/09/2026 09:41:38"
"C:\musica_eventi_e_documenti\build\webview_flutter_android\intermediates\aapt_friendly_merged_manifests\debug\processDebugManifest\aapt\AndroidManifest.xml","220","07/09/2026 11:33:15"
"C:\musica_eventi_e_documenti\build\webview_flutter_android\intermediates\aapt_friendly_merged_manifests\debug\processDebugManifest\aapt\output-metadata.json","364","07/09/2026 11:33:15"
"C:\musica_eventi_e_documenti\build\webview_flutter_android\intermediates\annotation_processor_list\debug\javaPreCompileDebug\annotationProcessors.json","2","07/09/2026 11:33:17"
"C:\musica_eventi_e_documenti\build\webview_flutter_android\intermediates\incremental\debug\packageDebugResources\merger.xml","2072","07/09/2026 11:33:15"
"C:\musica_eventi_e_documenti\build\webview_flutter_android\intermediates\incremental\mergeDebugAssets\merger.xml","836","07/09/2026 11:33:14"
"C:\musica_eventi_e_documenti\build\webview_flutter_android\intermediates\incremental\mergeDebugJniLibFolders\merger.xml","574","07/09/2026 11:33:22"
"C:\musica_eventi_e_documenti\build\webview_flutter_android\intermediates\incremental\mergeDebugShaders\merger.xml","574","07/09/2026 11:33:14"
"C:\musica_eventi_e_documenti\build\webview_flutter_android\intermediates\merged_manifest\debug\processDebugManifest\AndroidManifest.xml","220","07/09/2026 11:33:15"
"C:\musica_eventi_e_documenti\build\webview_flutter_android\intermediates\navigation_json\debug\extractDeepLinksDebug\navigation.json","2","07/09/2026 11:33:15"
"C:\musica_eventi_e_documenti\build\windows\x64\CMakeFiles\CMakeConfigureLog.yaml","29192","06/09/2026 10:39:31"
"C:\musica_eventi_e_documenti\build\windows\x64\packages\Microsoft.Web.WebView2\build\WebView2Rules.Project.xml","6670","15/09/2024 10:38:48"
"C:\musica_eventi_e_documenti\build\windows\x64\packages\Microsoft.Web.WebView2\lib\net462\Microsoft.Web.WebView2.Core.xml","626091","15/09/2024 10:38:28"
"C:\musica_eventi_e_documenti\build\windows\x64\packages\Microsoft.Web.WebView2\lib\net462\Microsoft.Web.WebView2.WinForms.xml","41393","15/09/2024 10:38:26"
"C:\musica_eventi_e_documenti\build\windows\x64\packages\Microsoft.Web.WebView2\lib\net462\Microsoft.Web.WebView2.Wpf.xml","143352","15/09/2024 10:38:26"
"C:\musica_eventi_e_documenti\build\windows\x64\packages\Microsoft.Web.WebView2\lib_manual\netcoreapp3.0\Microsoft.Web.WebView2.Core.xml","626091","15/09/2024 10:38:28"
"C:\musica_eventi_e_documenti\build\windows\x64\packages\Microsoft.Web.WebView2\lib_manual\netcoreapp3.0\Microsoft.Web.WebView2.WinForms.xml","41393","15/09/2024 10:38:26"
"C:\musica_eventi_e_documenti\build\windows\x64\packages\Microsoft.Web.WebView2\lib_manual\netcoreapp3.0\Microsoft.Web.WebView2.Wpf.xml","143352","15/09/2024 10:38:26"
"C:\musica_eventi_e_documenti\build\windows\x64\packages\Microsoft.Web.WebView2\tools\wv2winrt\wv2winrt.xml","4280","15/09/2024 10:22:14"
"C:\musica_eventi_e_documenti\build\windows\x64\packages\Microsoft.Web.WebView2\tools\VisualStudioToolsManifest.xml","466","15/09/2024 10:38:38"
"C:\musica_eventi_e_documenti\build\windows\x64\packages\nlohmann.json",,"06/09/2026 10:39:37"
"C:\musica_eventi_e_documenti\build\windows\x64\pdfium-download\CMakeFiles\pdfium-download.dir\Labels.json","1849","07/09/2026 16:45:51"
"C:\musica_eventi_e_documenti\build\windows\x64\pdfium-download\CMakeFiles\CMakeConfigureLog.yaml","3550","07/09/2026 16:45:51"
"C:\musica_eventi_e_documenti\build\windows\x64\runner\Debug\data\flutter_assets\assets\db\init.sql","13381","02/08/2026 15:07:52"
"C:\musica_eventi_e_documenti\build\windows\x64\runner\Debug\data\flutter_assets\assets\html\abc_viewer_template.html","12180","17/08/2026 22:42:38"
"C:\musica_eventi_e_documenti\build\windows\x64\runner\Debug\data\flutter_assets\assets\html\spartito-viewer.html","31777","06/09/2026 09:10:04"
"C:\musica_eventi_e_documenti\build\windows\x64\runner\Debug\data\flutter_assets\packages\flutter_inappwebview\assets\t_rex_runner\t-rex.css","1688","12/08/2026 18:11:36"
"C:\musica_eventi_e_documenti\build\windows\x64\runner\Debug\data\flutter_assets\packages\flutter_inappwebview\assets\t_rex_runner\t-rex.html","82244","12/08/2026 18:11:36"
"C:\musica_eventi_e_documenti\build\windows\x64\runner\Debug\data\flutter_assets\packages\flutter_inappwebview_web\assets\web\web_support.js","28409","12/08/2026 18:11:35"
"C:\musica_eventi_e_documenti\build\windows\x64\runner\Debug\data\flutter_assets\FontManifest.json","208","07/09/2026 16:46:05"
"C:\musica_eventi_e_documenti\build\windows\x64\runner\Debug\data\flutter_assets\NativeAssetsManifest.json","131","07/09/2026 16:46:03"
"C:\musica_eventi_e_documenti\build\last_build_run.json","27","06/09/2026 09:41:15"
"C:\musica_eventi_e_documenti\ios\Runner\Assets.xcassets\AppIcon.appiconset\Contents.json","2641","25/07/2025 09:50:54"
"C:\musica_eventi_e_documenti\ios\Runner\Assets.xcassets\LaunchImage.imageset\Contents.json","414","25/07/2025 09:50:54"
"C:\musica_eventi_e_documenti\lib\models\document.dart","3157","03/09/2026 18:26:50"
"C:\musica_eventi_e_documenti\lib\models\event_model.dart","7412","14/08/2026 06:27:50"
"C:\musica_eventi_e_documenti\lib\models\event_song.dart","1072","02/08/2026 13:23:48"
"C:\musica_eventi_e_documenti\lib\models\musical_document.dart","1787","01/08/2026 08:49:46"
"C:\musica_eventi_e_documenti\lib\models\registration_model.dart","2916","01/08/2026 08:54:46"
"C:\musica_eventi_e_documenti\lib\models\song_document.dart","1105","08/08/2026 16:31:20"
"C:\musica_eventi_e_documenti\lib\models\song_model.dart","1985","02/08/2026 12:52:32"
"C:\musica_eventi_e_documenti\lib\models\user_model.dart","2193","01/08/2026 09:00:46"
"C:\musica_eventi_e_documenti\lib\providers\auth_provider.dart","5119","06/08/2026 17:11:06"
"C:\musica_eventi_e_documenti\lib\providers\event_provider.dart","1700","13/08/2026 21:50:46"
"C:\musica_eventi_e_documenti\lib\screens\admin\admin_dashboard.dart","5675","02/08/2026 11:11:56"
"C:\musica_eventi_e_documenti\lib\screens\admin\admin_database.dart","10102","02/08/2026 11:12:08"
"C:\musica_eventi_e_documenti\lib\screens\admin\admin_documents.dart","13729","03/09/2026 18:42:04"
"C:\musica_eventi_e_documenti\lib\screens\admin\admin_events.dart","9170","12/08/2026 15:16:46"
"C:\musica_eventi_e_documenti\lib\screens\admin\admin_registrations.dart","14367","02/08/2026 17:53:12"
"C:\musica_eventi_e_documenti\lib\screens\admin\admin_screen.dart","1774","12/08/2026 15:09:46"
"C:\musica_eventi_e_documenti\lib\screens\admin\admin_songs.dart","6433","12/08/2026 15:25:52"
"C:\musica_eventi_e_documenti\lib\screens\admin\admin_suggestions.dart","3344","01/08/2026 09:48:42"
"C:\musica_eventi_e_documenti\lib\screens\admin\admin_users.dart","3888","12/08/2026 15:30:42"
"C:\musica_eventi_e_documenti\lib\screens\admin\document_form_screen.dart","16619","03/09/2026 18:16:47"
"C:\musica_eventi_e_documenti\lib\screens\admin\events_list_screen.dart","6386","01/09/2026 16:51:38"
"C:\musica_eventi_e_documenti\lib\screens\admin\event_form_screen.dart","11927","02/08/2026 10:06:30"
"C:\musica_eventi_e_documenti\lib\screens\admin\event_songs_assignment.dart","52764","07/09/2026 10:02:44"
"C:\musica_eventi_e_documenti\lib\screens\admin\event_song_documents.dart","21317","05/09/2026 08:51:38"
"C:\musica_eventi_e_documenti\lib\screens\admin\song_form_screen.dart","13041","02/08/2026 12:53:46"
"C:\musica_eventi_e_documenti\lib\screens\abc_viewer_screen.dart","10568","04/09/2026 12:35:06"
"C:\musica_eventi_e_documenti\lib\screens\admin_login_screen.dart","12840","10/08/2026 10:27:08"
"C:\musica_eventi_e_documenti\lib\screens\admin_screen.dart","6240","02/08/2026 05:58:20"
"C:\musica_eventi_e_documenti\lib\screens\document_viewer_screen.dart","48081","07/09/2026 16:45:44"
"C:\musica_eventi_e_documenti\lib\screens\event_detail_screen.dart","25934","07/09/2026 09:51:22"
"C:\musica_eventi_e_documenti\lib\screens\home_screen.dart","20239","01/09/2026 17:08:26"
"C:\musica_eventi_e_documenti\lib\screens\login_screen.dart","8393","02/08/2026 05:23:54"
"C:\musica_eventi_e_documenti\lib\screens\midi_player_screen.dart","16345","10/08/2026 10:34:36"
"C:\musica_eventi_e_documenti\lib\screens\mxl_viewer_screen.dart","10133","04/09/2026 12:52:46"
"C:\musica_eventi_e_documenti\lib\screens\register_screen.dart","6196","01/08/2026 09:17:00"
"C:\musica_eventi_e_documenti\lib\screens\registration_form_screen.dart","15754","03/08/2026 11:23:42"
"C:\musica_eventi_e_documenti\lib\screens\spartito_viewer_screen.dart","3580","17/08/2026 20:39:54"
"C:\musica_eventi_e_documenti\lib\scripts\generate_db.dart","0","30/07/2026 10:32:40"
"C:\musica_eventi_e_documenti\lib\scripts\populate_blob_content.dart","2288","15/08/2026 17:17:06"
"C:\musica_eventi_e_documenti\lib\services\abc_to_midi.dart","6371","14/08/2026 13:23:52"
"C:\musica_eventi_e_documenti\lib\services\auth_service.dart","4231","06/08/2026 17:17:28"
"C:\musica_eventi_e_documenti\lib\services\database_migration.dart","5422","17/08/2026 20:10:18"
"C:\musica_eventi_e_documenti\lib\services\database_service.dart","64098","07/09/2026 09:42:52"
"C:\musica_eventi_e_documenti\lib\services\document_file_resolver.dart","2802","06/09/2026 09:41:15"
"C:\musica_eventi_e_documenti\lib\services\home_screen.dart","5731","29/07/2026 09:08:16"
"C:\musica_eventi_e_documenti\lib\services\mxl_converter.dart","2761","12/08/2026 13:47:20"
"C:\musica_eventi_e_documenti\lib\services\mxl_service.dart","3015","04/09/2026 12:51:47"
"C:\musica_eventi_e_documenti\lib\services\notation_player_launcher.dart","925","12/08/2026 13:47:46"
"C:\musica_eventi_e_documenti\lib\services\performance_logger.dart","7804","01/09/2026 08:05:28"
"C:\musica_eventi_e_documenti\lib\utils\constants.dart","123","29/07/2026 09:33:00"
"C:\musica_eventi_e_documenti\lib\utils\performance_logger.dart","1672","01/09/2026 16:42:48"
"C:\musica_eventi_e_documenti\lib\utils\ui_performance.dart","2151","01/09/2026 16:41:18"
"C:\musica_eventi_e_documenti\lib\widgets\abc_viewer.dart","3036","22/08/2026 17:33:30"
"C:\musica_eventi_e_documenti\lib\widgets\event_card.dart","7721","22/08/2026 17:34:00"
"C:\musica_eventi_e_documenti\lib\widgets\song_tile.dart","1598","01/08/2026 08:56:12"
"C:\musica_eventi_e_documenti\lib\Appoggio.dart","2432","13/08/2026 21:35:54"
"C:\musica_eventi_e_documenti\lib\main.dart","1151","14/08/2026 13:46:28"
"C:\musica_eventi_e_documenti\linux\flutter\ephemeral\.plugin_symlinks\audioplayers_linux\analysis_options.yaml","50","14/08/2026 18:21:59"
"C:\musica_eventi_e_documenti\linux\flutter\ephemeral\.plugin_symlinks\audioplayers_linux\pubspec.yaml","656","14/08/2026 18:21:59"
"C:\musica_eventi_e_documenti\linux\flutter\ephemeral\.plugin_symlinks\connectivity_plus\android\src\main\AndroidManifest.xml","209","03/09/2026 13:19:03"
"C:\musica_eventi_e_documenti\linux\flutter\ephemeral\.plugin_symlinks\connectivity_plus\example\android\app\src\main\AndroidManifest.xml","1092","03/09/2026 13:19:03"
"C:\musica_eventi_e_documenti\linux\flutter\ephemeral\.plugin_symlinks\connectivity_plus\example\integration_test\connectivity_plus_test.dart","1912","03/09/2026 13:19:03"
"C:\musica_eventi_e_documenti\linux\flutter\ephemeral\.plugin_symlinks\connectivity_plus\example\ios\Runner\Assets.xcassets\AppIcon.appiconset\Contents.json","2519","03/09/2026 13:19:03"
"C:\musica_eventi_e_documenti\linux\flutter\ephemeral\.plugin_symlinks\connectivity_plus\example\ios\Runner\Assets.xcassets\LaunchImage.imageset\Contents.json","391","03/09/2026 13:19:03"
"C:\musica_eventi_e_documenti\linux\flutter\ephemeral\.plugin_symlinks\connectivity_plus\example\lib\main.dart","3534","03/09/2026 13:19:03"
"C:\musica_eventi_e_documenti\linux\flutter\ephemeral\.plugin_symlinks\connectivity_plus\example\macos\Runner\Assets.xcassets\AppIcon.appiconset\Contents.json","1291","03/09/2026 13:19:03"
"C:\musica_eventi_e_documenti\linux\flutter\ephemeral\.plugin_symlinks\connectivity_plus\example\web\index.html","1120","03/09/2026 13:19:03"
"C:\musica_eventi_e_documenti\linux\flutter\ephemeral\.plugin_symlinks\connectivity_plus\example\web\manifest.json","570","03/09/2026 13:19:03"
"C:\musica_eventi_e_documenti\linux\flutter\ephemeral\.plugin_symlinks\connectivity_plus\example\analysis_options.yaml","1453","03/09/2026 13:19:03"
"C:\musica_eventi_e_documenti\linux\flutter\ephemeral\.plugin_symlinks\connectivity_plus\example\pubspec.yaml","422","03/09/2026 13:19:03"
"C:\musica_eventi_e_documenti\linux\flutter\ephemeral\.plugin_symlinks\connectivity_plus\lib\src\web\dart_html_connectivity_plugin.dart","1270","03/09/2026 13:19:03"
"C:\musica_eventi_e_documenti\linux\flutter\ephemeral\.plugin_symlinks\connectivity_plus\lib\src\connectivity_plus_linux.dart","3036","03/09/2026 13:19:03"
"C:\musica_eventi_e_documenti\linux\flutter\ephemeral\.plugin_symlinks\connectivity_plus\lib\src\connectivity_plus_web.dart","600","03/09/2026 13:19:03"
"C:\musica_eventi_e_documenti\linux\flutter\ephemeral\.plugin_symlinks\connectivity_plus\lib\connectivity_plus.dart","2821","03/09/2026 13:19:03"
"C:\musica_eventi_e_documenti\linux\flutter\ephemeral\.plugin_symlinks\connectivity_plus\test\connectivity_plus_linux_test.dart","4023","03/09/2026 13:19:03"
"C:\musica_eventi_e_documenti\linux\flutter\ephemeral\.plugin_symlinks\connectivity_plus\test\connectivity_plus_linux_test.mocks.dart","9053","03/09/2026 13:19:03"
"C:\musica_eventi_e_documenti\linux\flutter\ephemeral\.plugin_symlinks\connectivity_plus\test\connectivity_test.dart","1269","03/09/2026 13:19:03"
"C:\musica_eventi_e_documenti\linux\flutter\ephemeral\.plugin_symlinks\connectivity_plus\pubspec.yaml","1504","03/09/2026 13:19:03"
"C:\musica_eventi_e_documenti\linux\flutter\ephemeral\.plugin_symlinks\file_picker\android\src\main\AndroidManifest.xml","282","03/08/2026 17:19:02"
"C:\musica_eventi_e_documenti\linux\flutter\ephemeral\.plugin_symlinks\file_picker\example\android\app\src\debug\AndroidManifest.xml","378","03/08/2026 17:19:00"
"C:\musica_eventi_e_documenti\linux\flutter\ephemeral\.plugin_symlinks\file_picker\example\android\app\src\main\res\drawable\launch_background.xml","434","03/08/2026 17:19:00"
"C:\musica_eventi_e_documenti\linux\flutter\ephemeral\.plugin_symlinks\file_picker\example\android\app\src\main\res\drawable-v21\launch_background.xml","438","03/08/2026 17:19:00"
"C:\musica_eventi_e_documenti\linux\flutter\ephemeral\.plugin_symlinks\file_picker\example\android\app\src\main\res\values\styles.xml","996","03/08/2026 17:19:00"
"C:\musica_eventi_e_documenti\linux\flutter\ephemeral\.plugin_symlinks\file_picker\example\android\app\src\main\res\values-night\styles.xml","995","03/08/2026 17:19:00"
"C:\musica_eventi_e_documenti\linux\flutter\ephemeral\.plugin_symlinks\file_picker\example\android\app\src\main\AndroidManifest.xml","2287","03/08/2026 17:19:00"
"C:\musica_eventi_e_documenti\linux\flutter\ephemeral\.plugin_symlinks\file_picker\example\android\app\src\profile\AndroidManifest.xml","378","03/08/2026 17:19:00"
"C:\musica_eventi_e_documenti\linux\flutter\ephemeral\.plugin_symlinks\file_picker\example\ios\Runner\Assets.xcassets\AppIcon.appiconset\Contents.json","2519","03/08/2026 17:19:02"
"C:\musica_eventi_e_documenti\linux\flutter\ephemeral\.plugin_symlinks\file_picker\example\ios\Runner\Assets.xcassets\LaunchImage.imageset\Contents.json","391","03/08/2026 17:19:02"
"C:\musica_eventi_e_documenti\linux\flutter\ephemeral\.plugin_symlinks\file_picker\example\lib\src\file_picker_demo.dart","18783","03/08/2026 17:19:00"
"C:\musica_eventi_e_documenti\linux\flutter\ephemeral\.plugin_symlinks\file_picker\example\lib\main.dart","145","03/08/2026 17:19:00"
"C:\musica_eventi_e_documenti\linux\flutter\ephemeral\.plugin_symlinks\file_picker\example\lib\main_desktop.dart","253","03/08/2026 17:19:00"
"C:\musica_eventi_e_documenti\linux\flutter\ephemeral\.plugin_symlinks\file_picker\example\macos\Runner\Assets.xcassets\AppIcon.appiconset\Contents.json","1291","03/08/2026 17:19:00"
"C:\musica_eventi_e_documenti\linux\flutter\ephemeral\.plugin_symlinks\file_picker\example\web\index.html","695","03/08/2026 17:19:00"
"C:\musica_eventi_e_documenti\linux\flutter\ephemeral\.plugin_symlinks\file_picker\example\web\manifest.json","570","03/08/2026 17:19:00"
"C:\musica_eventi_e_documenti\linux\flutter\ephemeral\.plugin_symlinks\file_picker\example\analysis_options.yaml","1453","03/08/2026 17:19:00"
"C:\musica_eventi_e_documenti\linux\flutter\ephemeral\.plugin_symlinks\file_picker\example\pubspec.yaml","307","03/08/2026 17:19:00"
"C:\musica_eventi_e_documenti\linux\flutter\ephemeral\.plugin_symlinks\file_picker\lib\src\linux\dialog_handler.dart","1879","03/08/2026 17:19:02"
"C:\musica_eventi_e_documenti\linux\flutter\ephemeral\.plugin_symlinks\file_picker\lib\src\linux\file_picker_linux.dart","4029","03/08/2026 17:19:02"
"C:\musica_eventi_e_documenti\linux\flutter\ephemeral\.plugin_symlinks\file_picker\lib\src\linux\kdialog_handler.dart","2716","03/08/2026 17:19:02"
"C:\musica_eventi_e_documenti\linux\flutter\ephemeral\.plugin_symlinks\file_picker\lib\src\linux\qarma_and_zenity_handler.dart","2387","03/08/2026 17:19:02"
"C:\musica_eventi_e_documenti\linux\flutter\ephemeral\.plugin_symlinks\file_picker\lib\src\windows\file_picker_windows.dart","13550","03/08/2026 17:19:02"
"C:\musica_eventi_e_documenti\linux\flutter\ephemeral\.plugin_symlinks\file_picker\lib\src\windows\file_picker_windows_ffi_types.dart","11396","03/08/2026 17:19:02"
"C:\musica_eventi_e_documenti\linux\flutter\ephemeral\.plugin_symlinks\file_picker\lib\src\windows\file_picker_windows_stub.dart","284","03/08/2026 17:19:02"
"C:\musica_eventi_e_documenti\linux\flutter\ephemeral\.plugin_symlinks\file_picker\lib\src\exceptions.dart","228","03/08/2026 17:19:02"
"C:\musica_eventi_e_documenti\linux\flutter\ephemeral\.plugin_symlinks\file_picker\lib\src\file_picker.dart","9254","03/08/2026 17:19:02"
"C:\musica_eventi_e_documenti\linux\flutter\ephemeral\.plugin_symlinks\file_picker\lib\src\file_picker_io.dart","5089","03/08/2026 17:19:02"
"C:\musica_eventi_e_documenti\linux\flutter\ephemeral\.plugin_symlinks\file_picker\lib\src\file_picker_macos.dart","4513","03/08/2026 17:19:02"
"C:\musica_eventi_e_documenti\linux\flutter\ephemeral\.plugin_symlinks\file_picker\lib\src\file_picker_result.dart","1548","03/08/2026 17:19:02"
"C:\musica_eventi_e_documenti\linux\flutter\ephemeral\.plugin_symlinks\file_picker\lib\src\platform_file.dart","3616","03/08/2026 17:19:02"
"C:\musica_eventi_e_documenti\linux\flutter\ephemeral\.plugin_symlinks\file_picker\lib\src\utils.dart","1837","03/08/2026 17:19:02"
"C:\musica_eventi_e_documenti\linux\flutter\ephemeral\.plugin_symlinks\file_picker\lib\_internal\file_picker_web.dart","6985","03/08/2026 17:19:02"
"C:\musica_eventi_e_documenti\linux\flutter\ephemeral\.plugin_symlinks\file_picker\lib\file_picker.dart","479","03/08/2026 17:19:02"
"C:\musica_eventi_e_documenti\linux\flutter\ephemeral\.plugin_symlinks\file_picker\test\linux\dialog_handler_test.dart","1100","03/08/2026 17:19:00"
"C:\musica_eventi_e_documenti\linux\flutter\ephemeral\.plugin_symlinks\file_picker\test\linux\kdialog_handler_test.dart","8471","03/08/2026 17:19:00"
"C:\musica_eventi_e_documenti\linux\flutter\ephemeral\.plugin_symlinks\file_picker\test\linux\qarma_and_zenity_handler_test.dart","8074","03/08/2026 17:19:00"
"C:\musica_eventi_e_documenti\linux\flutter\ephemeral\.plugin_symlinks\file_picker\test\common.dart","818","03/08/2026 17:19:00"
"C:\musica_eventi_e_documenti\linux\flutter\ephemeral\.plugin_symlinks\file_picker\test\file_picker_macos_test.dart","3732","03/08/2026 17:19:00"
"C:\musica_eventi_e_documenti\linux\flutter\ephemeral\.plugin_symlinks\file_picker\test\file_picker_utils_test.dart","4908","03/08/2026 17:19:00"
"C:\musica_eventi_e_documenti\linux\flutter\ephemeral\.plugin_symlinks\file_picker\test\file_picker_windows_test.dart","6709","03/08/2026 17:19:00"
"C:\musica_eventi_e_documenti\linux\flutter\ephemeral\.plugin_symlinks\file_picker\analysis_options.yaml","1066","03/08/2026 17:19:02"
"C:\musica_eventi_e_documenti\linux\flutter\ephemeral\.plugin_symlinks\file_picker\pubspec.yaml","1328","03/08/2026 17:19:02"
"C:\musica_eventi_e_documenti\linux\flutter\ephemeral\.plugin_symlinks\file_selector_linux\example\lib\get_directory_page.dart","2308","03/09/2026 14:54:13"
"C:\musica_eventi_e_documenti\linux\flutter\ephemeral\.plugin_symlinks\file_selector_linux\example\lib\get_multiple_directories_page.dart","2412","03/09/2026 14:54:13"
"C:\musica_eventi_e_documenti\linux\flutter\ephemeral\.plugin_symlinks\file_selector_linux\example\lib\home_page.dart","2197","03/09/2026 14:54:13"
"C:\musica_eventi_e_documenti\linux\flutter\ephemeral\.plugin_symlinks\file_selector_linux\example\lib\main.dart","1377","03/09/2026 14:54:13"
"C:\musica_eventi_e_documenti\linux\flutter\ephemeral\.plugin_symlinks\file_selector_linux\example\lib\open_image_page.dart","2617","03/09/2026 14:54:13"
"C:\musica_eventi_e_documenti\linux\flutter\ephemeral\.plugin_symlinks\file_selector_linux\example\lib\open_multiple_images_page.dart","2830","03/09/2026 14:54:13"
"C:\musica_eventi_e_documenti\linux\flutter\ephemeral\.plugin_symlinks\file_selector_linux\example\lib\open_text_page.dart","2415","03/09/2026 14:54:13"
"C:\musica_eventi_e_documenti\linux\flutter\ephemeral\.plugin_symlinks\file_selector_linux\example\lib\save_text_page.dart","2547","03/09/2026 14:54:13"
"C:\musica_eventi_e_documenti\linux\flutter\ephemeral\.plugin_symlinks\file_selector_linux\example\pubspec.yaml","402","03/09/2026 14:54:13"
"C:\musica_eventi_e_documenti\linux\flutter\ephemeral\.plugin_symlinks\file_selector_linux\lib\src\messages.g.dart","9694","03/09/2026 14:54:13"
"C:\musica_eventi_e_documenti\linux\flutter\ephemeral\.plugin_symlinks\file_selector_linux\lib\file_selector_linux.dart","5711","03/09/2026 14:54:13"
"C:\musica_eventi_e_documenti\linux\flutter\ephemeral\.plugin_symlinks\file_selector_linux\pigeons\messages.dart","2079","03/09/2026 14:54:13"
"C:\musica_eventi_e_documenti\linux\flutter\ephemeral\.plugin_symlinks\file_selector_linux\test\file_selector_linux_test.dart","15493","03/09/2026 14:54:13"
"C:\musica_eventi_e_documenti\linux\flutter\ephemeral\.plugin_symlinks\file_selector_linux\pubspec.yaml","781","03/09/2026 14:54:13"
"C:\musica_eventi_e_documenti\linux\flutter\ephemeral\.plugin_symlinks\flutter_local_notifications_linux\lib\src\model\capabilities.dart","5768","08/08/2026 18:50:22"
"C:\musica_eventi_e_documenti\linux\flutter\ephemeral\.plugin_symlinks\flutter_local_notifications_linux\lib\src\model\enums.dart","4218","08/08/2026 18:50:22"
"C:\musica_eventi_e_documenti\linux\flutter\ephemeral\.plugin_symlinks\flutter_local_notifications_linux\lib\src\model\hint.dart","5518","08/08/2026 18:50:22"
"C:\musica_eventi_e_documenti\linux\flutter\ephemeral\.plugin_symlinks\flutter_local_notifications_linux\lib\src\model\icon.dart","3124","08/08/2026 18:50:22"
"C:\musica_eventi_e_documenti\linux\flutter\ephemeral\.plugin_symlinks\flutter_local_notifications_linux\lib\src\model\initialization_settings.dart","1012","08/08/2026 18:50:22"
"C:\musica_eventi_e_documenti\linux\flutter\ephemeral\.plugin_symlinks\flutter_local_notifications_linux\lib\src\model\location.dart","1060","08/08/2026 18:50:22"
"C:\musica_eventi_e_documenti\linux\flutter\ephemeral\.plugin_symlinks\flutter_local_notifications_linux\lib\src\model\notification_details.dart","4817","08/08/2026 18:50:22"
"C:\musica_eventi_e_documenti\linux\flutter\ephemeral\.plugin_symlinks\flutter_local_notifications_linux\lib\src\model\sound.dart","1179","08/08/2026 18:50:22"
"C:\musica_eventi_e_documenti\linux\flutter\ephemeral\.plugin_symlinks\flutter_local_notifications_linux\lib\src\model\timeout.dart","1268","08/08/2026 18:50:22"
"C:\musica_eventi_e_documenti\linux\flutter\ephemeral\.plugin_symlinks\flutter_local_notifications_linux\lib\src\dbus_wrapper.dart","1591","08/08/2026 18:50:22"
"C:\musica_eventi_e_documenti\linux\flutter\ephemeral\.plugin_symlinks\flutter_local_notifications_linux\lib\src\file_system.dart","348","08/08/2026 18:50:22"
"C:\musica_eventi_e_documenti\linux\flutter\ephemeral\.plugin_symlinks\flutter_local_notifications_linux\lib\src\flutter_local_notifications.dart","3239","08/08/2026 18:50:22"
"C:\musica_eventi_e_documenti\linux\flutter\ephemeral\.plugin_symlinks\flutter_local_notifications_linux\lib\src\flutter_local_notifications_platform_linux.dart","2026","08/08/2026 18:50:22"
"C:\musica_eventi_e_documenti\linux\flutter\ephemeral\.plugin_symlinks\flutter_local_notifications_linux\lib\src\flutter_local_notifications_stub.dart","2204","08/08/2026 18:50:22"
"C:\musica_eventi_e_documenti\linux\flutter\ephemeral\.plugin_symlinks\flutter_local_notifications_linux\lib\src\helpers.dart","2017","08/08/2026 18:50:22"
"C:\musica_eventi_e_documenti\linux\flutter\ephemeral\.plugin_symlinks\flutter_local_notifications_linux\lib\src\notifications_manager.dart","13033","08/08/2026 18:50:22"
"C:\musica_eventi_e_documenti\linux\flutter\ephemeral\.plugin_symlinks\flutter_local_notifications_linux\lib\src\notification_info.dart","3688","08/08/2026 18:50:22"
"C:\musica_eventi_e_documenti\linux\flutter\ephemeral\.plugin_symlinks\flutter_local_notifications_linux\lib\src\platform_info.dart","2673","08/08/2026 18:50:22"
"C:\musica_eventi_e_documenti\linux\flutter\ephemeral\.plugin_symlinks\flutter_local_notifications_linux\lib\src\posix.dart","825","08/08/2026 18:50:22"
"C:\musica_eventi_e_documenti\linux\flutter\ephemeral\.plugin_symlinks\flutter_local_notifications_linux\lib\src\storage.dart","5528","08/08/2026 18:50:22"
"C:\musica_eventi_e_documenti\linux\flutter\ephemeral\.plugin_symlinks\flutter_local_notifications_linux\lib\flutter_local_notifications_linux.dart","741","08/08/2026 18:50:22"
"C:\musica_eventi_e_documenti\linux\flutter\ephemeral\.plugin_symlinks\flutter_local_notifications_linux\test\notifications_manager_test.dart","45368","08/08/2026 18:50:22"
"C:\musica_eventi_e_documenti\linux\flutter\ephemeral\.plugin_symlinks\flutter_local_notifications_linux\test\notifications_manager_test.mocks.dart","27000","08/08/2026 18:50:22"
"C:\musica_eventi_e_documenti\linux\flutter\ephemeral\.plugin_symlinks\flutter_local_notifications_linux\test\posix_test.dart","355","08/08/2026 18:50:22"
"C:\musica_eventi_e_documenti\linux\flutter\ephemeral\.plugin_symlinks\flutter_local_notifications_linux\test\storage_test.dart","8599","08/08/2026 18:50:22"
"C:\musica_eventi_e_documenti\linux\flutter\ephemeral\.plugin_symlinks\flutter_local_notifications_linux\test\storage_test.mocks.dart","24102","08/08/2026 18:50:22"
"C:\musica_eventi_e_documenti\linux\flutter\ephemeral\.plugin_symlinks\flutter_local_notifications_linux\pubspec.yaml","714","08/08/2026 18:50:22"
"C:\musica_eventi_e_documenti\linux\flutter\ephemeral\.plugin_symlinks\image_picker_linux\example\lib\main.dart","18179","03/08/2026 17:19:00"
"C:\musica_eventi_e_documenti\linux\flutter\ephemeral\.plugin_symlinks\image_picker_linux\example\pubspec.yaml","734","03/08/2026 17:19:00"
"C:\musica_eventi_e_documenti\linux\flutter\ephemeral\.plugin_symlinks\image_picker_linux\lib\image_picker_linux.dart","6733","03/08/2026 17:19:00"
"C:\musica_eventi_e_documenti\linux\flutter\ephemeral\.plugin_symlinks\image_picker_linux\test\image_picker_linux_test.dart","6905","03/08/2026 17:19:00"
"C:\musica_eventi_e_documenti\linux\flutter\ephemeral\.plugin_symlinks\image_picker_linux\test\image_picker_linux_test.mocks.dart","4341","03/08/2026 17:19:00"
"C:\musica_eventi_e_documenti\linux\flutter\ephemeral\.plugin_symlinks\image_picker_linux\pubspec.yaml","788","03/08/2026 17:19:00"
"C:\musica_eventi_e_documenti\linux\flutter\ephemeral\.plugin_symlinks\jni\android\.cxx\Debug\186uvs60\arm64-v8a\.cmake\api\v1\reply\cache-v2-efa6ef09abaab54b39a4.json","26437","04/08/2026 07:21:00"
"C:\musica_eventi_e_documenti\linux\flutter\ephemeral\.plugin_symlinks\jni\android\.cxx\Debug\186uvs60\arm64-v8a\.cmake\api\v1\reply\cmakeFiles-v1-eafa7793173986f3b4a8.json","15234","04/08/2026 07:21:00"
"C:\musica_eventi_e_documenti\linux\flutter\ephemeral\.plugin_symlinks\jni\android\.cxx\Debug\186uvs60\arm64-v8a\.cmake\api\v1\reply\codemodel-v2-76e64b4abee761b00751.json","1084","04/08/2026 07:21:00"
"C:\musica_eventi_e_documenti\linux\flutter\ephemeral\.plugin_symlinks\jni\android\.cxx\Debug\186uvs60\arm64-v8a\.cmake\api\v1\reply\directory-.-Debug-d0094a50bb2071803777.json","168","04/08/2026 07:21:00"
"C:\musica_eventi_e_documenti\linux\flutter\ephemeral\.plugin_symlinks\jni\android\.cxx\Debug\186uvs60\arm64-v8a\.cmake\api\v1\reply\index-2026-08-04T05-21-00-0738.json","1643","04/08/2026 07:21:00"
"C:\musica_eventi_e_documenti\linux\flutter\ephemeral\.plugin_symlinks\jni\android\.cxx\Debug\186uvs60\arm64-v8a\.cmake\api\v1\reply\target-jni-Debug-110c1b430365a39eb089.json","2815","04/08/2026 07:21:00"
"C:\musica_eventi_e_documenti\linux\flutter\ephemeral\.plugin_symlinks\jni\android\.cxx\Debug\186uvs60\arm64-v8a\android_gradle_build.json","1316","04/08/2026 07:21:00"
"C:\musica_eventi_e_documenti\linux\flutter\ephemeral\.plugin_symlinks\jni\android\.cxx\Debug\186uvs60\arm64-v8a\android_gradle_build_mini.json","912","04/08/2026 07:21:00"
"C:\musica_eventi_e_documenti\linux\flutter\ephemeral\.plugin_symlinks\jni\android\.cxx\Debug\186uvs60\arm64-v8a\compile_commands.json","2589","04/08/2026 07:21:00"
"C:\musica_eventi_e_documenti\linux\flutter\ephemeral\.plugin_symlinks\jni\android\.cxx\Debug\186uvs60\arm64-v8a\prefab_config.json","40","04/08/2026 07:21:00"
"C:\musica_eventi_e_documenti\linux\flutter\ephemeral\.plugin_symlinks\jni\android\.cxx\Debug\186uvs60\armeabi-v7a\.cmake\api\v1\reply\cache-v2-d5de5a4171307e24592c.json","26449","04/08/2026 07:21:02"
"C:\musica_eventi_e_documenti\linux\flutter\ephemeral\.plugin_symlinks\jni\android\.cxx\Debug\186uvs60\armeabi-v7a\.cmake\api\v1\reply\cmakeFiles-v1-ae9f9a78fa917952a5ca.json","15242","04/08/2026 07:21:02"
"C:\musica_eventi_e_documenti\linux\flutter\ephemeral\.plugin_symlinks\jni\android\.cxx\Debug\186uvs60\armeabi-v7a\.cmake\api\v1\reply\codemodel-v2-4fce42649dd6ebeeb07e.json","1086","04/08/2026 07:21:02"
"C:\musica_eventi_e_documenti\linux\flutter\ephemeral\.plugin_symlinks\jni\android\.cxx\Debug\186uvs60\armeabi-v7a\.cmake\api\v1\reply\directory-.-Debug-d0094a50bb2071803777.json","168","04/08/2026 07:21:02"
"C:\musica_eventi_e_documenti\linux\flutter\ephemeral\.plugin_symlinks\jni\android\.cxx\Debug\186uvs60\armeabi-v7a\.cmake\api\v1\reply\index-2026-08-04T05-21-02-0929.json","1643","04/08/2026 07:21:02"
"C:\musica_eventi_e_documenti\linux\flutter\ephemeral\.plugin_symlinks\jni\android\.cxx\Debug\186uvs60\armeabi-v7a\.cmake\api\v1\reply\target-jni-Debug-e27452e8b5f9a0870acd.json","2840","04/08/2026 07:21:02"
"C:\musica_eventi_e_documenti\linux\flutter\ephemeral\.plugin_symlinks\jni\android\.cxx\Debug\186uvs60\armeabi-v7a\android_gradle_build.json","1324","04/08/2026 07:21:02"
"C:\musica_eventi_e_documenti\linux\flutter\ephemeral\.plugin_symlinks\jni\android\.cxx\Debug\186uvs60\armeabi-v7a\android_gradle_build_mini.json","920","04/08/2026 07:21:02"
"C:\musica_eventi_e_documenti\linux\flutter\ephemeral\.plugin_symlinks\jni\android\.cxx\Debug\186uvs60\armeabi-v7a\compile_commands.json","2670","04/08/2026 07:21:02"
"C:\musica_eventi_e_documenti\linux\flutter\ephemeral\.plugin_symlinks\jni\android\.cxx\Debug\186uvs60\armeabi-v7a\prefab_config.json","40","04/08/2026 07:21:02"
"C:\musica_eventi_e_documenti\linux\flutter\ephemeral\.plugin_symlinks\jni\android\.cxx\Debug\186uvs60\x86\.cmake\api\v1\reply\cache-v2-c2f10a4ac6cf7bf19fc3.json","26401","04/08/2026 07:21:04"
"C:\musica_eventi_e_documenti\linux\flutter\ephemeral\.plugin_symlinks\jni\android\.cxx\Debug\186uvs60\x86\.cmake\api\v1\reply\cmakeFiles-v1-5ed528d49bbc8970e5df.json","15210","04/08/2026 07:21:04"
"C:\musica_eventi_e_documenti\linux\flutter\ephemeral\.plugin_symlinks\jni\android\.cxx\Debug\186uvs60\x86\.cmake\api\v1\reply\codemodel-v2-315af14b8e1e3aecf0c4.json","1078","04/08/2026 07:21:04"
"C:\musica_eventi_e_documenti\linux\flutter\ephemeral\.plugin_symlinks\jni\android\.cxx\Debug\186uvs60\x86\.cmake\api\v1\reply\directory-.-Debug-d0094a50bb2071803777.json","168","04/08/2026 07:21:04"
"C:\musica_eventi_e_documenti\linux\flutter\ephemeral\.plugin_symlinks\jni\android\.cxx\Debug\186uvs60\x86\.cmake\api\v1\reply\index-2026-08-04T05-21-04-0150.json","1643","04/08/2026 07:21:04"
"C:\musica_eventi_e_documenti\linux\flutter\ephemeral\.plugin_symlinks\jni\android\.cxx\Debug\186uvs60\x86\.cmake\api\v1\reply\target-jni-Debug-1b49bf01446791126ccf.json","2824","04/08/2026 07:21:04"
"C:\musica_eventi_e_documenti\linux\flutter\ephemeral\.plugin_symlinks\jni\android\.cxx\Debug\186uvs60\x86\android_gradle_build.json","1292","04/08/2026 07:21:04"
"C:\musica_eventi_e_documenti\linux\flutter\ephemeral\.plugin_symlinks\jni\android\.cxx\Debug\186uvs60\x86\android_gradle_build_mini.json","888","04/08/2026 07:21:04"
"C:\musica_eventi_e_documenti\linux\flutter\ephemeral\.plugin_symlinks\jni\android\.cxx\Debug\186uvs60\x86\compile_commands.json","2607","04/08/2026 07:21:04"
"C:\musica_eventi_e_documenti\linux\flutter\ephemeral\.plugin_symlinks\jni\android\.cxx\Debug\186uvs60\x86\prefab_config.json","40","04/08/2026 07:21:04"
"C:\musica_eventi_e_documenti\linux\flutter\ephemeral\.plugin_symlinks\jni\android\.cxx\Debug\186uvs60\x86_64\.cmake\api\v1\reply\cache-v2-ab5a8d2b553a59f4fdba.json","26419","04/08/2026 07:21:05"
"C:\musica_eventi_e_documenti\linux\flutter\ephemeral\.plugin_symlinks\jni\android\.cxx\Debug\186uvs60\x86_64\.cmake\api\v1\reply\cmakeFiles-v1-213bdc99ed5d5339e5bd.json","15222","04/08/2026 07:21:05"
"C:\musica_eventi_e_documenti\linux\flutter\ephemeral\.plugin_symlinks\jni\android\.cxx\Debug\186uvs60\x86_64\.cmake\api\v1\reply\codemodel-v2-661d088d2cf69b3f9177.json","1081","04/08/2026 07:21:05"
"C:\musica_eventi_e_documenti\linux\flutter\ephemeral\.plugin_symlinks\jni\android\.cxx\Debug\186uvs60\x86_64\.cmake\api\v1\reply\directory-.-Debug-d0094a50bb2071803777.json","168","04/08/2026 07:21:05"
"C:\musica_eventi_e_documenti\linux\flutter\ephemeral\.plugin_symlinks\jni\android\.cxx\Debug\186uvs60\x86_64\.cmake\api\v1\reply\index-2026-08-04T05-21-05-0304.json","1643","04/08/2026 07:21:05"
"C:\musica_eventi_e_documenti\linux\flutter\ephemeral\.plugin_symlinks\jni\android\.cxx\Debug\186uvs60\x86_64\.cmake\api\v1\reply\target-jni-Debug-0193f7dfe4a9b237f059.json","2812","04/08/2026 07:21:05"
"C:\musica_eventi_e_documenti\linux\flutter\ephemeral\.plugin_symlinks\jni\android\.cxx\Debug\186uvs60\x86_64\android_gradle_build.json","1304","04/08/2026 07:21:05"
"C:\musica_eventi_e_documenti\linux\flutter\ephemeral\.plugin_symlinks\jni\android\.cxx\Debug\186uvs60\x86_64\android_gradle_build_mini.json","900","04/08/2026 07:21:05"
"C:\musica_eventi_e_documenti\linux\flutter\ephemeral\.plugin_symlinks\jni\android\.cxx\Debug\186uvs60\x86_64\compile_commands.json","2577","04/08/2026 07:21:05"
"C:\musica_eventi_e_documenti\linux\flutter\ephemeral\.plugin_symlinks\jni\android\.cxx\Debug\186uvs60\x86_64\prefab_config.json","40","04/08/2026 07:21:05"
"C:\musica_eventi_e_documenti\linux\flutter\ephemeral\.plugin_symlinks\jni\android\.cxx\Debug\36g39464\arm64-v8a\.cmake\api\v1\reply\cache-v2-6140dc02466a95fbb4e7.json","26447","14/08/2026 18:20:59"
"C:\musica_eventi_e_documenti\linux\flutter\ephemeral\.plugin_symlinks\jni\android\.cxx\Debug\36g39464\arm64-v8a\.cmake\api\v1\reply\cmakeFiles-v1-118f3e5a6432c338b03c.json","15234","14/08/2026 18:20:59"
"C:\musica_eventi_e_documenti\linux\flutter\ephemeral\.plugin_symlinks\jni\android\.cxx\Debug\36g39464\arm64-v8a\.cmake\api\v1\reply\codemodel-v2-05d87db68fb670d74214.json","1084","14/08/2026 18:20:59"
"C:\musica_eventi_e_documenti\linux\flutter\ephemeral\.plugin_symlinks\jni\android\.cxx\Debug\36g39464\arm64-v8a\.cmake\api\v1\reply\directory-.-Debug-d0094a50bb2071803777.json","168","14/08/2026 18:20:59"
"C:\musica_eventi_e_documenti\linux\flutter\ephemeral\.plugin_symlinks\jni\android\.cxx\Debug\36g39464\arm64-v8a\.cmake\api\v1\reply\index-2026-08-14T16-20-59-0679.json","1643","14/08/2026 18:20:59"
"C:\musica_eventi_e_documenti\linux\flutter\ephemeral\.plugin_symlinks\jni\android\.cxx\Debug\36g39464\arm64-v8a\.cmake\api\v1\reply\target-jni-Debug-08701835fda439077498.json","2820","14/08/2026 18:20:59"
"C:\musica_eventi_e_documenti\linux\flutter\ephemeral\.plugin_symlinks\jni\android\.cxx\Debug\36g39464\arm64-v8a\android_gradle_build.json","1321","14/08/2026 18:20:59"
"C:\musica_eventi_e_documenti\linux\flutter\ephemeral\.plugin_symlinks\jni\android\.cxx\Debug\36g39464\arm64-v8a\android_gradle_build_mini.json","917","14/08/2026 18:20:59"
"C:\musica_eventi_e_documenti\linux\flutter\ephemeral\.plugin_symlinks\jni\android\.cxx\Debug\36g39464\arm64-v8a\compile_commands.json","2589","14/08/2026 18:20:59"
"C:\musica_eventi_e_documenti\linux\flutter\ephemeral\.plugin_symlinks\jni\android\.cxx\Debug\36g39464\arm64-v8a\prefab_config.json","40","14/08/2026 18:20:59"
"C:\musica_eventi_e_documenti\linux\flutter\ephemeral\.plugin_symlinks\jni\android\.cxx\Debug\36g39464\armeabi-v7a\.cmake\api\v1\reply\cache-v2-1b8c3ad8db1e1fdac896.json","26459","14/08/2026 18:21:03"
"C:\musica_eventi_e_documenti\linux\flutter\ephemeral\.plugin_symlinks\jni\android\.cxx\Debug\36g39464\armeabi-v7a\.cmake\api\v1\reply\cmakeFiles-v1-d971acf16f2e99cd2649.json","15242","14/08/2026 18:21:03"
"C:\musica_eventi_e_documenti\linux\flutter\ephemeral\.plugin_symlinks\jni\android\.cxx\Debug\36g39464\armeabi-v7a\.cmake\api\v1\reply\codemodel-v2-a3e2a1051c78854d1f4a.json","1086","14/08/2026 18:21:03"
"C:\musica_eventi_e_documenti\linux\flutter\ephemeral\.plugin_symlinks\jni\android\.cxx\Debug\36g39464\armeabi-v7a\.cmake\api\v1\reply\directory-.-Debug-d0094a50bb2071803777.json","168","14/08/2026 18:21:03"
"C:\musica_eventi_e_documenti\linux\flutter\ephemeral\.plugin_symlinks\jni\android\.cxx\Debug\36g39464\armeabi-v7a\.cmake\api\v1\reply\index-2026-08-14T16-21-03-0630.json","1643","14/08/2026 18:21:03"
"C:\musica_eventi_e_documenti\linux\flutter\ephemeral\.plugin_symlinks\jni\android\.cxx\Debug\36g39464\armeabi-v7a\.cmake\api\v1\reply\target-jni-Debug-87a2710ed98d02927fd1.json","2845","14/08/2026 18:21:03"
"C:\musica_eventi_e_documenti\linux\flutter\ephemeral\.plugin_symlinks\jni\android\.cxx\Debug\36g39464\armeabi-v7a\android_gradle_build.json","1329","14/08/2026 18:21:03"
"C:\musica_eventi_e_documenti\linux\flutter\ephemeral\.plugin_symlinks\jni\android\.cxx\Debug\36g39464\armeabi-v7a\android_gradle_build_mini.json","925","14/08/2026 18:21:03"
"C:\musica_eventi_e_documenti\linux\flutter\ephemeral\.plugin_symlinks\jni\android\.cxx\Debug\36g39464\armeabi-v7a\compile_commands.json","2670","14/08/2026 18:21:03"
"C:\musica_eventi_e_documenti\linux\flutter\ephemeral\.plugin_symlinks\jni\android\.cxx\Debug\36g39464\armeabi-v7a\prefab_config.json","40","14/08/2026 18:21:03"
"C:\musica_eventi_e_documenti\linux\flutter\ephemeral\.plugin_symlinks\jni\android\.cxx\Debug\36g39464\x86\.cmake\api\v1\reply\cache-v2-cabcf8dc59feec5cc2c8.json","26411","14/08/2026 18:21:05"
"C:\musica_eventi_e_documenti\linux\flutter\ephemeral\.plugin_symlinks\jni\android\.cxx\Debug\36g39464\x86\.cmake\api\v1\reply\cmakeFiles-v1-3c61e2f45b8eb1dd086f.json","15210","14/08/2026 18:21:05"
"C:\musica_eventi_e_documenti\linux\flutter\ephemeral\.plugin_symlinks\jni\android\.cxx\Debug\36g39464\x86\.cmake\api\v1\reply\codemodel-v2-cd05a8bbbfce849cf783.json","1078","14/08/2026 18:21:05"
"C:\musica_eventi_e_documenti\linux\flutter\ephemeral\.plugin_symlinks\jni\android\.cxx\Debug\36g39464\x86\.cmake\api\v1\reply\directory-.-Debug-d0094a50bb2071803777.json","168","14/08/2026 18:21:05"
"C:\musica_eventi_e_documenti\linux\flutter\ephemeral\.plugin_symlinks\jni\android\.cxx\Debug\36g39464\x86\.cmake\api\v1\reply\index-2026-08-14T16-21-05-0879.json","1643","14/08/2026 18:21:05"
"C:\musica_eventi_e_documenti\linux\flutter\ephemeral\.plugin_symlinks\jni\android\.cxx\Debug\36g39464\x86\.cmake\api\v1\reply\target-jni-Debug-9a6dd819754db7fe4496.json","2829","14/08/2026 18:21:05"
"C:\musica_eventi_e_documenti\linux\flutter\ephemeral\.plugin_symlinks\jni\android\.cxx\Debug\36g39464\x86\android_gradle_build.json","1297","14/08/2026 18:21:05"
"C:\musica_eventi_e_documenti\linux\flutter\ephemeral\.plugin_symlinks\jni\android\.cxx\Debug\36g39464\x86\android_gradle_build_mini.json","893","14/08/2026 18:21:05"
"C:\musica_eventi_e_documenti\linux\flutter\ephemeral\.plugin_symlinks\jni\android\.cxx\Debug\36g39464\x86\compile_commands.json","2607","14/08/2026 18:21:05"
"C:\musica_eventi_e_documenti\linux\flutter\ephemeral\.plugin_symlinks\jni\android\.cxx\Debug\36g39464\x86\prefab_config.json","40","14/08/2026 18:21:05"
"C:\musica_eventi_e_documenti\linux\flutter\ephemeral\.plugin_symlinks\jni\android\.cxx\Debug\36g39464\x86_64\.cmake\api\v1\reply\cache-v2-2b5e0efd3bff97aedfa2.json","26429","14/08/2026 18:21:08"
"C:\musica_eventi_e_documenti\linux\flutter\ephemeral\.plugin_symlinks\jni\android\.cxx\Debug\36g39464\x86_64\.cmake\api\v1\reply\cmakeFiles-v1-6611cda1986d66c1b711.json","15222","14/08/2026 18:21:08"
"C:\musica_eventi_e_documenti\linux\flutter\ephemeral\.plugin_symlinks\jni\android\.cxx\Debug\36g39464\x86_64\.cmake\api\v1\reply\codemodel-v2-187866bb9cc583b17fa2.json","1081","14/08/2026 18:21:08"
"C:\musica_eventi_e_documenti\linux\flutter\ephemeral\.plugin_symlinks\jni\android\.cxx\Debug\36g39464\x86_64\.cmake\api\v1\reply\directory-.-Debug-d0094a50bb2071803777.json","168","14/08/2026 18:21:08"
"C:\musica_eventi_e_documenti\linux\flutter\ephemeral\.plugin_symlinks\jni\android\.cxx\Debug\36g39464\x86_64\.cmake\api\v1\reply\index-2026-08-14T16-21-08-0213.json","1643","14/08/2026 18:21:08"
"C:\musica_eventi_e_documenti\linux\flutter\ephemeral\.plugin_symlinks\jni\android\.cxx\Debug\36g39464\x86_64\.cmake\api\v1\reply\target-jni-Debug-a6a6a6a413bc97fd6c90.json","2817","14/08/2026 18:21:08"
"C:\musica_eventi_e_documenti\linux\flutter\ephemeral\.plugin_symlinks\jni\android\.cxx\Debug\36g39464\x86_64\android_gradle_build.json","1309","14/08/2026 18:21:08"
"C:\musica_eventi_e_documenti\linux\flutter\ephemeral\.plugin_symlinks\jni\android\.cxx\Debug\36g39464\x86_64\android_gradle_build_mini.json","905","14/08/2026 18:21:08"
"C:\musica_eventi_e_documenti\linux\flutter\ephemeral\.plugin_symlinks\jni\android\.cxx\Debug\36g39464\x86_64\compile_commands.json","2577","14/08/2026 18:21:07"
"C:\musica_eventi_e_documenti\linux\flutter\ephemeral\.plugin_symlinks\jni\android\.cxx\Debug\36g39464\x86_64\prefab_config.json","40","14/08/2026 18:21:08"
"C:\musica_eventi_e_documenti\linux\flutter\ephemeral\.plugin_symlinks\jni\android\.cxx\Debug\5b6g195f\arm64-v8a\.cmake\api\v1\reply\cache-v2-9f2cf73d6c709fdb5b7d.json","26447","04/09/2026 18:18:52"
"C:\musica_eventi_e_documenti\linux\flutter\ephemeral\.plugin_symlinks\jni\android\.cxx\Debug\5b6g195f\arm64-v8a\.cmake\api\v1\reply\cmakeFiles-v1-aa4211fed0bab4f636b0.json","15234","04/09/2026 18:18:52"
"C:\musica_eventi_e_documenti\linux\flutter\ephemeral\.plugin_symlinks\jni\android\.cxx\Debug\5b6g195f\arm64-v8a\.cmake\api\v1\reply\codemodel-v2-a0e6223be520925da400.json","1084","04/09/2026 18:18:52"
"C:\musica_eventi_e_documenti\linux\flutter\ephemeral\.plugin_symlinks\jni\android\.cxx\Debug\5b6g195f\arm64-v8a\.cmake\api\v1\reply\directory-.-Debug-d0094a50bb2071803777.json","168","04/09/2026 18:18:52"
"C:\musica_eventi_e_documenti\linux\flutter\ephemeral\.plugin_symlinks\jni\android\.cxx\Debug\5b6g195f\arm64-v8a\.cmake\api\v1\reply\index-2026-09-04T16-18-52-0431.json","1643","04/09/2026 18:18:52"
"C:\musica_eventi_e_documenti\linux\flutter\ephemeral\.plugin_symlinks\jni\android\.cxx\Debug\5b6g195f\arm64-v8a\.cmake\api\v1\reply\target-jni-Debug-554bbaa2bea6947ee480.json","2820","04/09/2026 18:18:52"
"C:\musica_eventi_e_documenti\linux\flutter\ephemeral\.plugin_symlinks\jni\android\.cxx\Debug\5b6g195f\arm64-v8a\android_gradle_build.json","1321","04/09/2026 18:18:52"
"C:\musica_eventi_e_documenti\linux\flutter\ephemeral\.plugin_symlinks\jni\android\.cxx\Debug\5b6g195f\arm64-v8a\android_gradle_build_mini.json","917","04/09/2026 18:18:52"
"C:\musica_eventi_e_documenti\linux\flutter\ephemeral\.plugin_symlinks\jni\android\.cxx\Debug\5b6g195f\arm64-v8a\compile_commands.json","2589","04/09/2026 18:18:52"
"C:\musica_eventi_e_documenti\linux\flutter\ephemeral\.plugin_symlinks\jni\android\.cxx\Debug\5b6g195f\arm64-v8a\prefab_config.json","40","04/09/2026 18:18:52"
"C:\musica_eventi_e_documenti\linux\flutter\ephemeral\.plugin_symlinks\jni\android\.cxx\Debug\5b6g195f\armeabi-v7a\.cmake\api\v1\reply\cache-v2-c816ac97c051efea6415.json","26459","04/09/2026 18:18:53"
"C:\musica_eventi_e_documenti\linux\flutter\ephemeral\.plugin_symlinks\jni\android\.cxx\Debug\5b6g195f\armeabi-v7a\.cmake\api\v1\reply\cmakeFiles-v1-fc522360f876de51864e.json","15242","04/09/2026 18:18:54"
"C:\musica_eventi_e_documenti\linux\flutter\ephemeral\.plugin_symlinks\jni\android\.cxx\Debug\5b6g195f\armeabi-v7a\.cmake\api\v1\reply\codemodel-v2-f1f853a41943b2af21a0.json","1086","04/09/2026 18:18:54"
"C:\musica_eventi_e_documenti\linux\flutter\ephemeral\.plugin_symlinks\jni\android\.cxx\Debug\5b6g195f\armeabi-v7a\.cmake\api\v1\reply\directory-.-Debug-d0094a50bb2071803777.json","168","04/09/2026 18:18:54"
"C:\musica_eventi_e_documenti\linux\flutter\ephemeral\.plugin_symlinks\jni\android\.cxx\Debug\5b6g195f\armeabi-v7a\.cmake\api\v1\reply\index-2026-09-04T16-18-54-0030.json","1643","04/09/2026 18:18:54"
"C:\musica_eventi_e_documenti\linux\flutter\ephemeral\.plugin_symlinks\jni\android\.cxx\Debug\5b6g195f\armeabi-v7a\.cmake\api\v1\reply\target-jni-Debug-d2fd021292ed005773f9.json","2845","04/09/2026 18:18:54"
"C:\musica_eventi_e_documenti\linux\flutter\ephemeral\.plugin_symlinks\jni\android\.cxx\Debug\5b6g195f\armeabi-v7a\android_gradle_build.json","1329","04/09/2026 18:18:54"
"C:\musica_eventi_e_documenti\linux\flutter\ephemeral\.plugin_symlinks\jni\android\.cxx\Debug\5b6g195f\armeabi-v7a\android_gradle_build_mini.json","925","04/09/2026 18:18:54"
"C:\musica_eventi_e_documenti\linux\flutter\ephemeral\.plugin_symlinks\jni\android\.cxx\Debug\5b6g195f\armeabi-v7a\compile_commands.json","2670","04/09/2026 18:18:53"
"C:\musica_eventi_e_documenti\linux\flutter\ephemeral\.plugin_symlinks\jni\android\.cxx\Debug\5b6g195f\armeabi-v7a\prefab_config.json","40","04/09/2026 18:18:54"
"C:\musica_eventi_e_documenti\linux\flutter\ephemeral\.plugin_symlinks\jni\android\.cxx\Debug\5b6g195f\x86\.cmake\api\v1\reply\cache-v2-36ee692b1334cf21664c.json","26411","04/09/2026 18:18:55"
"C:\musica_eventi_e_documenti\linux\flutter\ephemeral\.plugin_symlinks\jni\android\.cxx\Debug\5b6g195f\x86\.cmake\api\v1\reply\cmakeFiles-v1-1df041871863ea4bd144.json","15210","04/09/2026 18:18:55"
"C:\musica_eventi_e_documenti\linux\flutter\ephemeral\.plugin_symlinks\jni\android\.cxx\Debug\5b6g195f\x86\.cmake\api\v1\reply\codemodel-v2-40547b9c5b3b31724a21.json","1078","04/09/2026 18:18:55"
"C:\musica_eventi_e_documenti\linux\flutter\ephemeral\.plugin_symlinks\jni\android\.cxx\Debug\5b6g195f\x86\.cmake\api\v1\reply\directory-.-Debug-d0094a50bb2071803777.json","168","04/09/2026 18:18:55"
"C:\musica_eventi_e_documenti\linux\flutter\ephemeral\.plugin_symlinks\jni\android\.cxx\Debug\5b6g195f\x86\.cmake\api\v1\reply\index-2026-09-04T16-18-55-0104.json","1643","04/09/2026 18:18:55"
"C:\musica_eventi_e_documenti\linux\flutter\ephemeral\.plugin_symlinks\jni\android\.cxx\Debug\5b6g195f\x86\.cmake\api\v1\reply\target-jni-Debug-fd509067f974bb12e70e.json","2829","04/09/2026 18:18:55"
"C:\musica_eventi_e_documenti\linux\flutter\ephemeral\.plugin_symlinks\jni\android\.cxx\Debug\5b6g195f\x86\android_gradle_build.json","1297","04/09/2026 18:18:55"
"C:\musica_eventi_e_documenti\linux\flutter\ephemeral\.plugin_symlinks\jni\android\.cxx\Debug\5b6g195f\x86\android_gradle_build_mini.json","893","04/09/2026 18:18:55"
"C:\musica_eventi_e_documenti\linux\flutter\ephemeral\.plugin_symlinks\jni\android\.cxx\Debug\5b6g195f\x86\compile_commands.json","2607","04/09/2026 18:18:55"
"C:\musica_eventi_e_documenti\linux\flutter\ephemeral\.plugin_symlinks\jni\android\.cxx\Debug\5b6g195f\x86\prefab_config.json","40","04/09/2026 18:18:55"
"C:\musica_eventi_e_documenti\linux\flutter\ephemeral\.plugin_symlinks\jni\android\.cxx\Debug\5b6g195f\x86_64\.cmake\api\v1\reply\cache-v2-811422892f19feb5999d.json","26429","04/09/2026 18:18:56"
"C:\musica_eventi_e_documenti\linux\flutter\ephemeral\.plugin_symlinks\jni\android\.cxx\Debug\5b6g195f\x86_64\.cmake\api\v1\reply\cmakeFiles-v1-5054d363a1ed97585f8b.json","15222","04/09/2026 18:18:56"
"C:\musica_eventi_e_documenti\linux\flutter\ephemeral\.plugin_symlinks\jni\android\.cxx\Debug\5b6g195f\x86_64\.cmake\api\v1\reply\codemodel-v2-1dbfc47d3d40360ad1ab.json","1081","04/09/2026 18:18:56"
"C:\musica_eventi_e_documenti\linux\flutter\ephemeral\.plugin_symlinks\jni\android\.cxx\Debug\5b6g195f\x86_64\.cmake\api\v1\reply\directory-.-Debug-d0094a50bb2071803777.json","168","04/09/2026 18:18:56"
"C:\musica_eventi_e_documenti\linux\flutter\ephemeral\.plugin_symlinks\jni\android\.cxx\Debug\5b6g195f\x86_64\.cmake\api\v1\reply\index-2026-09-04T16-18-56-0262.json","1643","04/09/2026 18:18:56"
"C:\musica_eventi_e_documenti\linux\flutter\ephemeral\.plugin_symlinks\jni\android\.cxx\Debug\5b6g195f\x86_64\.cmake\api\v1\reply\target-jni-Debug-bc5f6d754558970ff96f.json","2817","04/09/2026 18:18:56"
"C:\musica_eventi_e_documenti\linux\flutter\ephemeral\.plugin_symlinks\jni\android\.cxx\Debug\5b6g195f\x86_64\android_gradle_build.json","1309","04/09/2026 18:18:56"
"C:\musica_eventi_e_documenti\linux\flutter\ephemeral\.plugin_symlinks\jni\android\.cxx\Debug\5b6g195f\x86_64\android_gradle_build_mini.json","905","04/09/2026 18:18:56"
"C:\musica_eventi_e_documenti\linux\flutter\ephemeral\.plugin_symlinks\jni\android\.cxx\Debug\5b6g195f\x86_64\compile_commands.json","2577","04/09/2026 18:18:56"
"C:\musica_eventi_e_documenti\linux\flutter\ephemeral\.plugin_symlinks\jni\android\.cxx\Debug\5b6g195f\x86_64\prefab_config.json","40","04/09/2026 18:18:56"
"C:\musica_eventi_e_documenti\linux\flutter\ephemeral\.plugin_symlinks\jni\android\.cxx\tools\profile\arm64-v8a\compile_commands.json","2589","04/09/2026 18:18:52"
"C:\musica_eventi_e_documenti\linux\flutter\ephemeral\.plugin_symlinks\jni\android\.cxx\tools\profile\armeabi-v7a\compile_commands.json","2670","04/09/2026 18:18:53"
"C:\musica_eventi_e_documenti\linux\flutter\ephemeral\.plugin_symlinks\jni\android\.cxx\tools\profile\x86\compile_commands.json","2607","04/09/2026 18:18:55"
"C:\musica_eventi_e_documenti\linux\flutter\ephemeral\.plugin_symlinks\jni\android\.cxx\tools\profile\x86_64\compile_commands.json","2577","04/09/2026 18:18:56"
"C:\musica_eventi_e_documenti\linux\flutter\ephemeral\.plugin_symlinks\jni\android\src\main\AndroidManifest.xml","119","03/08/2026 17:19:40"
"C:\musica_eventi_e_documenti\linux\flutter\ephemeral\.plugin_symlinks\jni\bin\setup.dart","9777","03/08/2026 17:19:40"
"C:\musica_eventi_e_documenti\linux\flutter\ephemeral\.plugin_symlinks\jni\example\android\app\src\debug\AndroidManifest.xml","425","03/08/2026 17:19:40"
"C:\musica_eventi_e_documenti\linux\flutter\ephemeral\.plugin_symlinks\jni\example\android\app\src\main\res\drawable\launch_background.xml","434","03/08/2026 17:19:40"
"C:\musica_eventi_e_documenti\linux\flutter\ephemeral\.plugin_symlinks\jni\example\android\app\src\main\res\drawable-v21\launch_background.xml","438","03/08/2026 17:19:40"
"C:\musica_eventi_e_documenti\linux\flutter\ephemeral\.plugin_symlinks\jni\example\android\app\src\main\res\values\styles.xml","996","03/08/2026 17:19:40"
"C:\musica_eventi_e_documenti\linux\flutter\ephemeral\.plugin_symlinks\jni\example\android\app\src\main\res\values-night\styles.xml","995","03/08/2026 17:19:40"
"C:\musica_eventi_e_documenti\linux\flutter\ephemeral\.plugin_symlinks\jni\example\android\app\src\main\AndroidManifest.xml","1684","03/08/2026 17:19:40"
"C:\musica_eventi_e_documenti\linux\flutter\ephemeral\.plugin_symlinks\jni\example\android\app\src\profile\AndroidManifest.xml","425","03/08/2026 17:19:40"
"C:\musica_eventi_e_documenti\linux\flutter\ephemeral\.plugin_symlinks\jni\example\integration_test\on_device_jni_test.dart","1524","03/08/2026 17:19:40"
"C:\musica_eventi_e_documenti\linux\flutter\ephemeral\.plugin_symlinks\jni\example\lib\main.dart","5698","03/08/2026 17:19:40"
"C:\musica_eventi_e_documenti\linux\flutter\ephemeral\.plugin_symlinks\jni\example\macos\Runner\Assets.xcassets\AppIcon.appiconset\Contents.json","1291","03/08/2026 17:19:40"
"C:\musica_eventi_e_documenti\linux\flutter\ephemeral\.plugin_symlinks\jni\example\analysis_options.yaml","302","03/08/2026 17:19:40"
"C:\musica_eventi_e_documenti\linux\flutter\ephemeral\.plugin_symlinks\jni\example\pubspec.yaml","3936","03/08/2026 17:19:40"
"C:\musica_eventi_e_documenti\linux\flutter\ephemeral\.plugin_symlinks\jni\lib\src\build_util\build_util.dart","830","03/08/2026 17:19:40"
"C:\musica_eventi_e_documenti\linux\flutter\ephemeral\.plugin_symlinks\jni\lib\src\lang\jboolean.dart","632","03/08/2026 17:19:40"
"C:\musica_eventi_e_documenti\linux\flutter\ephemeral\.plugin_symlinks\jni\lib\src\lang\jbyte.dart","620","03/08/2026 17:19:40"
"C:\musica_eventi_e_documenti\linux\flutter\ephemeral\.plugin_symlinks\jni\lib\src\lang\jcharacter.dart","630","03/08/2026 17:19:40"
"C:\musica_eventi_e_documenti\linux\flutter\ephemeral\.plugin_symlinks\jni\lib\src\lang\jdouble.dart","635","03/08/2026 17:19:40"
"C:\musica_eventi_e_documenti\linux\flutter\ephemeral\.plugin_symlinks\jni\lib\src\lang\jfloat.dart","632","03/08/2026 17:19:40"
"C:\musica_eventi_e_documenti\linux\flutter\ephemeral\.plugin_symlinks\jni\lib\src\lang\jinteger.dart","625","03/08/2026 17:19:40"
"C:\musica_eventi_e_documenti\linux\flutter\ephemeral\.plugin_symlinks\jni\lib\src\lang\jlong.dart","620","03/08/2026 17:19:40"
"C:\musica_eventi_e_documenti\linux\flutter\ephemeral\.plugin_symlinks\jni\lib\src\lang\jnumber.dart","2770","03/08/2026 17:19:40"
"C:\musica_eventi_e_documenti\linux\flutter\ephemeral\.plugin_symlinks\jni\lib\src\lang\jshort.dart","623","03/08/2026 17:19:40"
"C:\musica_eventi_e_documenti\linux\flutter\ephemeral\.plugin_symlinks\jni\lib\src\lang\jstring.dart","1106","03/08/2026 17:19:40"
"C:\musica_eventi_e_documenti\linux\flutter\ephemeral\.plugin_symlinks\jni\lib\src\lang\lang.dart","445","03/08/2026 17:19:40"
"C:\musica_eventi_e_documenti\linux\flutter\ephemeral\.plugin_symlinks\jni\lib\src\nio\jbuffer.dart","6927","03/08/2026 17:19:40"
"C:\musica_eventi_e_documenti\linux\flutter\ephemeral\.plugin_symlinks\jni\lib\src\nio\jbyte_buffer.dart","8937","03/08/2026 17:19:40"
"C:\musica_eventi_e_documenti\linux\flutter\ephemeral\.plugin_symlinks\jni\lib\src\nio\nio.dart","311","03/08/2026 17:19:40"
"C:\musica_eventi_e_documenti\linux\flutter\ephemeral\.plugin_symlinks\jni\lib\src\third_party\generated_bindings.dart","291","03/08/2026 17:19:40"
"C:\musica_eventi_e_documenti\linux\flutter\ephemeral\.plugin_symlinks\jni\lib\src\third_party\global_env_extensions.dart","69263","03/08/2026 17:19:40"
"C:\musica_eventi_e_documenti\linux\flutter\ephemeral\.plugin_symlinks\jni\lib\src\third_party\jni_bindings_generated.dart","109637","03/08/2026 17:19:40"
"C:\musica_eventi_e_documenti\linux\flutter\ephemeral\.plugin_symlinks\jni\lib\src\util\jiterator.dart","898","03/08/2026 17:19:40"
"C:\musica_eventi_e_documenti\linux\flutter\ephemeral\.plugin_symlinks\jni\lib\src\util\jlist.dart","1799","03/08/2026 17:19:40"
"C:\musica_eventi_e_documenti\linux\flutter\ephemeral\.plugin_symlinks\jni\lib\src\util\jmap.dart","2474","03/08/2026 17:19:40"
"C:\musica_eventi_e_documenti\linux\flutter\ephemeral\.plugin_symlinks\jni\lib\src\util\jset.dart","1601","03/08/2026 17:19:40"
"C:\musica_eventi_e_documenti\linux\flutter\ephemeral\.plugin_symlinks\jni\lib\src\util\util.dart","302","03/08/2026 17:19:40"
"C:\musica_eventi_e_documenti\linux\flutter\ephemeral\.plugin_symlinks\jni\lib\src\accessors.dart","2207","03/08/2026 17:19:40"
"C:\musica_eventi_e_documenti\linux\flutter\ephemeral\.plugin_symlinks\jni\lib\src\core_bindings.dart","1198028","03/08/2026 17:19:40"
"C:\musica_eventi_e_documenti\linux\flutter\ephemeral\.plugin_symlinks\jni\lib\src\errors.dart","4283","03/08/2026 17:19:40"
"C:\musica_eventi_e_documenti\linux\flutter\ephemeral\.plugin_symlinks\jni\lib\src\jarray.dart","4413","03/08/2026 17:19:40"
"C:\musica_eventi_e_documenti\linux\flutter\ephemeral\.plugin_symlinks\jni\lib\src\jclass.dart","7479","03/08/2026 17:19:40"
"C:\musica_eventi_e_documenti\linux\flutter\ephemeral\.plugin_symlinks\jni\lib\src\jimplementer.dart","3792","03/08/2026 17:19:40"
"C:\musica_eventi_e_documenti\linux\flutter\ephemeral\.plugin_symlinks\jni\lib\src\jni.dart","12173","03/08/2026 17:19:40"
"C:\musica_eventi_e_documenti\linux\flutter\ephemeral\.plugin_symlinks\jni\lib\src\jobject.dart","5580","03/08/2026 17:19:40"
"C:\musica_eventi_e_documenti\linux\flutter\ephemeral\.plugin_symlinks\jni\lib\src\jprimitives.dart","15039","03/08/2026 17:19:40"
"C:\musica_eventi_e_documenti\linux\flutter\ephemeral\.plugin_symlinks\jni\lib\src\jreference.dart","5420","03/08/2026 17:19:40"
"C:\musica_eventi_e_documenti\linux\flutter\ephemeral\.plugin_symlinks\jni\lib\src\jvalues.dart","2551","03/08/2026 17:19:40"
"C:\musica_eventi_e_documenti\linux\flutter\ephemeral\.plugin_symlinks\jni\lib\src\kotlin.dart","2318","03/08/2026 17:19:40"
"C:\musica_eventi_e_documenti\linux\flutter\ephemeral\.plugin_symlinks\jni\lib\src\method_invocation.dart","1369","03/08/2026 17:19:40"
"C:\musica_eventi_e_documenti\linux\flutter\ephemeral\.plugin_symlinks\jni\lib\src\primitive_jarrays.dart","23307","03/08/2026 17:19:40"
"C:\musica_eventi_e_documenti\linux\flutter\ephemeral\.plugin_symlinks\jni\lib\src\types.dart","4104","03/08/2026 17:19:40"
"C:\musica_eventi_e_documenti\linux\flutter\ephemeral\.plugin_symlinks\jni\lib\src\version_check.dart","692","03/08/2026 17:19:40"
"C:\musica_eventi_e_documenti\linux\flutter\ephemeral\.plugin_symlinks\jni\lib\jni.dart","4063","03/08/2026 17:19:40"
"C:\musica_eventi_e_documenti\linux\flutter\ephemeral\.plugin_symlinks\jni\lib\jni_symbols.yaml","2126","03/08/2026 17:19:40"
"C:\musica_eventi_e_documenti\linux\flutter\ephemeral\.plugin_symlinks\jni\lib\_internal.dart","2902","03/08/2026 17:19:40"
"C:\musica_eventi_e_documenti\linux\flutter\ephemeral\.plugin_symlinks\jni\test\test_util\test_util.dart","1459","03/08/2026 17:19:40"
"C:\musica_eventi_e_documenti\linux\flutter\ephemeral\.plugin_symlinks\jni\test\version_check\fail_major.dart","318","03/08/2026 17:19:40"
"C:\musica_eventi_e_documenti\linux\flutter\ephemeral\.plugin_symlinks\jni\test\version_check\fail_minor.dart","358","03/08/2026 17:19:40"
"C:\musica_eventi_e_documenti\linux\flutter\ephemeral\.plugin_symlinks\jni\test\version_check\pass.dart","389","03/08/2026 17:19:40"
"C:\musica_eventi_e_documenti\linux\flutter\ephemeral\.plugin_symlinks\jni\test\boxed_test.dart","3526","03/08/2026 17:19:40"
"C:\musica_eventi_e_documenti\linux\flutter\ephemeral\.plugin_symlinks\jni\test\debug_release_test.dart","4806","03/08/2026 17:19:40"
"C:\musica_eventi_e_documenti\linux\flutter\ephemeral\.plugin_symlinks\jni\test\exception_test.dart","2165","03/08/2026 17:19:40"
"C:\musica_eventi_e_documenti\linux\flutter\ephemeral\.plugin_symlinks\jni\test\global_env_test.dart","9828","03/08/2026 17:19:40"
"C:\musica_eventi_e_documenti\linux\flutter\ephemeral\.plugin_symlinks\jni\test\isolate_test.dart","1195","03/08/2026 17:19:40"
"C:\musica_eventi_e_documenti\linux\flutter\ephemeral\.plugin_symlinks\jni\test\jarray_test.dart","17167","03/08/2026 17:19:40"
"C:\musica_eventi_e_documenti\linux\flutter\ephemeral\.plugin_symlinks\jni\test\jbyte_buffer_test.dart","5737","03/08/2026 17:19:40"
"C:\musica_eventi_e_documenti\linux\flutter\ephemeral\.plugin_symlinks\jni\test\jlist_test.dart","9629","03/08/2026 17:19:40"
"C:\musica_eventi_e_documenti\linux\flutter\ephemeral\.plugin_symlinks\jni\test\jmap_test.dart","7964","03/08/2026 17:19:40"
"C:\musica_eventi_e_documenti\linux\flutter\ephemeral\.plugin_symlinks\jni\test\jobject_test.dart","10403","03/08/2026 17:19:40"
"C:\musica_eventi_e_documenti\linux\flutter\ephemeral\.plugin_symlinks\jni\test\jset_test.dart","7014","03/08/2026 17:19:40"
"C:\musica_eventi_e_documenti\linux\flutter\ephemeral\.plugin_symlinks\jni\test\jstring_test.dart","1300","03/08/2026 17:19:40"
"C:\musica_eventi_e_documenti\linux\flutter\ephemeral\.plugin_symlinks\jni\test\load_test.dart","4299","03/08/2026 17:19:40"
"C:\musica_eventi_e_documenti\linux\flutter\ephemeral\.plugin_symlinks\jni\test\no_such_method_test.dart","2497","03/08/2026 17:19:40"
"C:\musica_eventi_e_documenti\linux\flutter\ephemeral\.plugin_symlinks\jni\test\version_check_test.dart","2528","03/08/2026 17:19:40"
"C:\musica_eventi_e_documenti\linux\flutter\ephemeral\.plugin_symlinks\jni\tool\wrapper_generators\ffigen_util.dart","1544","03/08/2026 17:19:40"
"C:\musica_eventi_e_documenti\linux\flutter\ephemeral\.plugin_symlinks\jni\tool\wrapper_generators\generate_c_extensions.dart","10810","03/08/2026 17:19:40"
"C:\musica_eventi_e_documenti\linux\flutter\ephemeral\.plugin_symlinks\jni\tool\wrapper_generators\generate_dart_extensions.dart","9934","03/08/2026 17:19:40"
"C:\musica_eventi_e_documenti\linux\flutter\ephemeral\.plugin_symlinks\jni\tool\wrapper_generators\generate_helper_functions.dart","3860","03/08/2026 17:19:40"
"C:\musica_eventi_e_documenti\linux\flutter\ephemeral\.plugin_symlinks\jni\tool\wrapper_generators\logging.dart","306","03/08/2026 17:19:40"
"C:\musica_eventi_e_documenti\linux\flutter\ephemeral\.plugin_symlinks\jni\tool\generate_ffi_bindings.dart","2363","03/08/2026 17:19:40"
"C:\musica_eventi_e_documenti\linux\flutter\ephemeral\.plugin_symlinks\jni\tool\generate_ide_files.dart","2178","03/08/2026 17:19:40"
"C:\musica_eventi_e_documenti\linux\flutter\ephemeral\.plugin_symlinks\jni\tool\generate_jni_bindings.dart","2716","03/08/2026 17:19:40"
"C:\musica_eventi_e_documenti\linux\flutter\ephemeral\.plugin_symlinks\jni\tool\generate_primitive_arrays.dart","6094","03/08/2026 17:19:40"
"C:\musica_eventi_e_documenti\linux\flutter\ephemeral\.plugin_symlinks\jni\analysis_options.yaml","258","03/08/2026 17:19:40"
"C:\musica_eventi_e_documenti\linux\flutter\ephemeral\.plugin_symlinks\jni\dart_test.yaml","252","03/08/2026 17:19:40"
"C:\musica_eventi_e_documenti\linux\flutter\ephemeral\.plugin_symlinks\jni\ffigen.yaml","4980","03/08/2026 17:19:40"
"C:\musica_eventi_e_documenti\linux\flutter\ephemeral\.plugin_symlinks\jni\ffigen_exts.yaml","579","03/08/2026 17:19:40"
"C:\musica_eventi_e_documenti\linux\flutter\ephemeral\.plugin_symlinks\jni\pubspec.yaml","1519","03/08/2026 17:19:40"
"C:\musica_eventi_e_documenti\linux\flutter\ephemeral\.plugin_symlinks\path_provider_linux\example\integration_test\path_provider_test.dart","2299","03/08/2026 17:19:08"
"C:\musica_eventi_e_documenti\linux\flutter\ephemeral\.plugin_symlinks\path_provider_linux\example\lib\main.dart","3292","03/08/2026 17:19:08"
"C:\musica_eventi_e_documenti\linux\flutter\ephemeral\.plugin_symlinks\path_provider_linux\example\test_driver\integration_test.dart","252","03/08/2026 17:19:08"
"C:\musica_eventi_e_documenti\linux\flutter\ephemeral\.plugin_symlinks\path_provider_linux\example\pubspec.yaml","701","03/08/2026 17:19:08"
"C:\musica_eventi_e_documenti\linux\flutter\ephemeral\.plugin_symlinks\path_provider_linux\lib\src\get_application_id.dart","415","03/08/2026 17:19:08"
"C:\musica_eventi_e_documenti\linux\flutter\ephemeral\.plugin_symlinks\path_provider_linux\lib\src\get_application_id_real.dart","2341","03/08/2026 17:19:08"
"C:\musica_eventi_e_documenti\linux\flutter\ephemeral\.plugin_symlinks\path_provider_linux\lib\src\get_application_id_stub.dart","221","03/08/2026 17:19:08"
"C:\musica_eventi_e_documenti\linux\flutter\ephemeral\.plugin_symlinks\path_provider_linux\lib\src\path_provider_linux.dart","3856","03/08/2026 17:19:08"
"C:\musica_eventi_e_documenti\linux\flutter\ephemeral\.plugin_symlinks\path_provider_linux\lib\path_provider_linux.dart","182","03/08/2026 17:19:08"
"C:\musica_eventi_e_documenti\linux\flutter\ephemeral\.plugin_symlinks\path_provider_linux\test\get_application_id_test.dart","1613","03/08/2026 17:19:08"
"C:\musica_eventi_e_documenti\linux\flutter\ephemeral\.plugin_symlinks\path_provider_linux\test\path_provider_linux_test.dart","4896","03/08/2026 17:19:08"
"C:\musica_eventi_e_documenti\linux\flutter\ephemeral\.plugin_symlinks\path_provider_linux\pubspec.yaml","749","03/08/2026 17:19:08"
"C:\musica_eventi_e_documenti\linux\flutter\ephemeral\.plugin_symlinks\printing\android\src\main\res\xml\flutter_printing_file_paths.xml","102","03/08/2026 17:19:12"
"C:\musica_eventi_e_documenti\linux\flutter\ephemeral\.plugin_symlinks\printing\android\src\main\AndroidManifest.xml","564","03/08/2026 17:19:12"
"C:\musica_eventi_e_documenti\linux\flutter\ephemeral\.plugin_symlinks\printing\example\lib\main.dart","1406","03/08/2026 17:19:12"
"C:\musica_eventi_e_documenti\linux\flutter\ephemeral\.plugin_symlinks\printing\example\pubspec.yaml","373","03/08/2026 17:19:12"
"C:\musica_eventi_e_documenti\linux\flutter\ephemeral\.plugin_symlinks\printing\lib\src\fonts\font.dart","2116","03/08/2026 17:19:12"
"C:\musica_eventi_e_documenti\linux\flutter\ephemeral\.plugin_symlinks\printing\lib\src\fonts\gfonts.dart","2200637","03/08/2026 17:19:12"
"C:\musica_eventi_e_documenti\linux\flutter\ephemeral\.plugin_symlinks\printing\lib\src\fonts\manifest.dart","1876","03/08/2026 17:19:12"
"C:\musica_eventi_e_documenti\linux\flutter\ephemeral\.plugin_symlinks\printing\lib\src\preview\actions.dart","8527","03/08/2026 17:19:12"
"C:\musica_eventi_e_documenti\linux\flutter\ephemeral\.plugin_symlinks\printing\lib\src\preview\action_bar_theme.dart","3578","03/08/2026 17:19:12"
"C:\musica_eventi_e_documenti\linux\flutter\ephemeral\.plugin_symlinks\printing\lib\src\preview\controller.dart","3133","03/08/2026 17:19:12"
"C:\musica_eventi_e_documenti\linux\flutter\ephemeral\.plugin_symlinks\printing\lib\src\preview\custom.dart","10008","03/08/2026 17:19:12"
"C:\musica_eventi_e_documenti\linux\flutter\ephemeral\.plugin_symlinks\printing\lib\src\preview\page.dart","2944","03/08/2026 17:19:12"
"C:\musica_eventi_e_documenti\linux\flutter\ephemeral\.plugin_symlinks\printing\lib\src\preview\pdf_preview.dart","13857","03/08/2026 17:19:12"
"C:\musica_eventi_e_documenti\linux\flutter\ephemeral\.plugin_symlinks\printing\lib\src\preview\raster.dart","5776","03/08/2026 17:19:12"
"C:\musica_eventi_e_documenti\linux\flutter\ephemeral\.plugin_symlinks\printing\lib\src\asset_utils.dart","3446","03/08/2026 17:19:12"
"C:\musica_eventi_e_documenti\linux\flutter\ephemeral\.plugin_symlinks\printing\lib\src\cache.dart","3347","03/08/2026 17:19:12"
"C:\musica_eventi_e_documenti\linux\flutter\ephemeral\.plugin_symlinks\printing\lib\src\callback.dart","907","03/08/2026 17:19:12"
"C:\musica_eventi_e_documenti\linux\flutter\ephemeral\.plugin_symlinks\printing\lib\src\interface.dart","3828","03/08/2026 17:19:12"
"C:\musica_eventi_e_documenti\linux\flutter\ephemeral\.plugin_symlinks\printing\lib\src\method_channel.dart","8774","03/08/2026 17:19:12"
"C:\musica_eventi_e_documenti\linux\flutter\ephemeral\.plugin_symlinks\printing\lib\src\method_channel_ffi.dart","2162","03/08/2026 17:19:12"
"C:\musica_eventi_e_documenti\linux\flutter\ephemeral\.plugin_symlinks\printing\lib\src\method_channel_js.dart","938","03/08/2026 17:19:12"
"C:\musica_eventi_e_documenti\linux\flutter\ephemeral\.plugin_symlinks\printing\lib\src\mutex.dart","1219","03/08/2026 17:19:12"
"C:\musica_eventi_e_documenti\linux\flutter\ephemeral\.plugin_symlinks\printing\lib\src\output_type.dart","62","03/08/2026 17:19:12"
"C:\musica_eventi_e_documenti\linux\flutter\ephemeral\.plugin_symlinks\printing\lib\src\pdfjs.dart","2004","03/08/2026 17:19:12"
"C:\musica_eventi_e_documenti\linux\flutter\ephemeral\.plugin_symlinks\printing\lib\src\platform_js.dart","676","03/08/2026 17:19:12"
"C:\musica_eventi_e_documenti\linux\flutter\ephemeral\.plugin_symlinks\printing\lib\src\platform_os.dart","752","03/08/2026 17:19:12"
"C:\musica_eventi_e_documenti\linux\flutter\ephemeral\.plugin_symlinks\printing\lib\src\printer.dart","2190","03/08/2026 17:19:12"
"C:\musica_eventi_e_documenti\linux\flutter\ephemeral\.plugin_symlinks\printing\lib\src\printing.dart","8306","03/08/2026 17:19:12"
"C:\musica_eventi_e_documenti\linux\flutter\ephemeral\.plugin_symlinks\printing\lib\src\printing_info.dart","2586","03/08/2026 17:19:12"
"C:\musica_eventi_e_documenti\linux\flutter\ephemeral\.plugin_symlinks\printing\lib\src\print_job.dart","2430","03/08/2026 17:19:12"
"C:\musica_eventi_e_documenti\linux\flutter\ephemeral\.plugin_symlinks\printing\lib\src\raster.dart","2085","03/08/2026 17:19:12"
"C:\musica_eventi_e_documenti\linux\flutter\ephemeral\.plugin_symlinks\printing\lib\printing.dart","1797","03/08/2026 17:19:12"
"C:\musica_eventi_e_documenti\linux\flutter\ephemeral\.plugin_symlinks\printing\lib\printing_web.dart","12625","03/08/2026 17:19:12"
"C:\musica_eventi_e_documenti\linux\flutter\ephemeral\.plugin_symlinks\printing\test\document_test.dart","2164","03/08/2026 17:19:12"
"C:\musica_eventi_e_documenti\linux\flutter\ephemeral\.plugin_symlinks\printing\test\info_test.dart","1563","03/08/2026 17:19:12"
"C:\musica_eventi_e_documenti\linux\flutter\ephemeral\.plugin_symlinks\printing\test\printing_test.dart","3490","03/08/2026 17:19:12"
"C:\musica_eventi_e_documenti\linux\flutter\ephemeral\.plugin_symlinks\printing\test\raster_test.dart","1484","03/08/2026 17:19:12"
"C:\musica_eventi_e_documenti\linux\flutter\ephemeral\.plugin_symlinks\printing\analysis_options.yaml","2049","03/08/2026 17:19:12"
"C:\musica_eventi_e_documenti\linux\flutter\ephemeral\.plugin_symlinks\printing\pubspec.yaml","1466","03/08/2026 17:19:12"
"C:\musica_eventi_e_documenti\linux\flutter\ephemeral\.plugin_symlinks\shared_preferences_linux\example\integration_test\shared_preferences_test.dart","23102","03/08/2026 17:19:16"
"C:\musica_eventi_e_documenti\linux\flutter\ephemeral\.plugin_symlinks\shared_preferences_linux\example\lib\main.dart","3019","03/08/2026 17:19:16"
"C:\musica_eventi_e_documenti\linux\flutter\ephemeral\.plugin_symlinks\shared_preferences_linux\example\test_driver\integration_test.dart","274","03/08/2026 17:19:16"
"C:\musica_eventi_e_documenti\linux\flutter\ephemeral\.plugin_symlinks\shared_preferences_linux\example\pubspec.yaml","773","03/08/2026 17:19:16"
"C:\musica_eventi_e_documenti\linux\flutter\ephemeral\.plugin_symlinks\shared_preferences_linux\lib\shared_preferences_linux.dart","12612","03/08/2026 17:19:16"
"C:\musica_eventi_e_documenti\linux\flutter\ephemeral\.plugin_symlinks\shared_preferences_linux\test\fake_path_provider_linux.dart","1085","03/08/2026 17:19:16"
"C:\musica_eventi_e_documenti\linux\flutter\ephemeral\.plugin_symlinks\shared_preferences_linux\test\legacy_shared_preferences_linux_test.dart","8034","03/08/2026 17:19:16"
"C:\musica_eventi_e_documenti\linux\flutter\ephemeral\.plugin_symlinks\shared_preferences_linux\test\shared_preferences_linux_async_test.dart","7858","03/08/2026 17:19:16"
"C:\musica_eventi_e_documenti\linux\flutter\ephemeral\.plugin_symlinks\shared_preferences_linux\pubspec.yaml","839","03/08/2026 17:19:16"
"C:\musica_eventi_e_documenti\linux\flutter\ephemeral\.plugin_symlinks\share_plus\android\src\main\res\xml\flutter_share_file_paths.xml","245","03/09/2026 13:19:03"
"C:\musica_eventi_e_documenti\linux\flutter\ephemeral\.plugin_symlinks\share_plus\android\src\main\AndroidManifest.xml","1085","03/09/2026 13:19:03"
"C:\musica_eventi_e_documenti\linux\flutter\ephemeral\.plugin_symlinks\share_plus\example\android\app\src\main\AndroidManifest.xml","1077","03/09/2026 13:19:03"
"C:\musica_eventi_e_documenti\linux\flutter\ephemeral\.plugin_symlinks\share_plus\example\integration_test\share_plus_test.dart","1290","03/09/2026 13:19:03"
"C:\musica_eventi_e_documenti\linux\flutter\ephemeral\.plugin_symlinks\share_plus\example\ios\Runner\Assets.xcassets\AppIcon.appiconset\Contents.json","2519","03/09/2026 13:19:03"
"C:\musica_eventi_e_documenti\linux\flutter\ephemeral\.plugin_symlinks\share_plus\example\ios\Runner\Assets.xcassets\LaunchImage.imageset\Contents.json","391","03/09/2026 13:19:03"
"C:\musica_eventi_e_documenti\linux\flutter\ephemeral\.plugin_symlinks\share_plus\example\lib\image_previews.dart","2013","03/09/2026 13:19:03"
"C:\musica_eventi_e_documenti\linux\flutter\ephemeral\.plugin_symlinks\share_plus\example\lib\main.dart","10793","03/09/2026 13:19:03"
"C:\musica_eventi_e_documenti\linux\flutter\ephemeral\.plugin_symlinks\share_plus\example\macos\Runner\Assets.xcassets\AppIcon.appiconset\Contents.json","1291","03/09/2026 13:19:03"
"C:\musica_eventi_e_documenti\linux\flutter\ephemeral\.plugin_symlinks\share_plus\example\test_driver\share_plus_test.dart","625","03/09/2026 13:19:03"
"C:\musica_eventi_e_documenti\linux\flutter\ephemeral\.plugin_symlinks\share_plus\example\web\index.html","1063","03/09/2026 13:19:03"
"C:\musica_eventi_e_documenti\linux\flutter\ephemeral\.plugin_symlinks\share_plus\example\web\manifest.json","570","03/09/2026 13:19:03"
"C:\musica_eventi_e_documenti\linux\flutter\ephemeral\.plugin_symlinks\share_plus\example\pubspec.yaml","495","03/09/2026 13:19:03"
"C:\musica_eventi_e_documenti\linux\flutter\ephemeral\.plugin_symlinks\share_plus\lib\src\share_plus_linux.dart","2036","03/09/2026 13:19:03"
"C:\musica_eventi_e_documenti\linux\flutter\ephemeral\.plugin_symlinks\share_plus\lib\src\share_plus_macos.dart","198","03/09/2026 13:19:03"
"C:\musica_eventi_e_documenti\linux\flutter\ephemeral\.plugin_symlinks\share_plus\lib\src\share_plus_web.dart","7973","03/09/2026 13:19:03"
"C:\musica_eventi_e_documenti\linux\flutter\ephemeral\.plugin_symlinks\share_plus\lib\src\share_plus_windows.dart","2369","03/09/2026 13:19:03"
"C:\musica_eventi_e_documenti\linux\flutter\ephemeral\.plugin_symlinks\share_plus\lib\src\windows_version_helper.dart","1458","03/09/2026 13:19:03"
"C:\musica_eventi_e_documenti\linux\flutter\ephemeral\.plugin_symlinks\share_plus\lib\share_plus.dart","5755","03/09/2026 13:19:03"
"C:\musica_eventi_e_documenti\linux\flutter\ephemeral\.plugin_symlinks\share_plus\test\share_plus_linux_test.dart","1200","03/09/2026 13:19:03"
"C:\musica_eventi_e_documenti\linux\flutter\ephemeral\.plugin_symlinks\share_plus\test\share_plus_windows_test.dart","1993","03/09/2026 13:19:03"
"C:\musica_eventi_e_documenti\linux\flutter\ephemeral\.plugin_symlinks\share_plus\test\url_launcher_mock.dart","795","03/09/2026 13:19:03"
"C:\musica_eventi_e_documenti\linux\flutter\ephemeral\.plugin_symlinks\share_plus\pubspec.yaml","1492","03/09/2026 13:19:03"
"C:\musica_eventi_e_documenti\linux\flutter\ephemeral\.plugin_symlinks\url_launcher_linux\example\integration_test\url_launcher_test.dart","735","03/09/2026 14:54:13"
"C:\musica_eventi_e_documenti\linux\flutter\ephemeral\.plugin_symlinks\url_launcher_linux\example\lib\main.dart","2436","03/09/2026 14:54:13"
"C:\musica_eventi_e_documenti\linux\flutter\ephemeral\.plugin_symlinks\url_launcher_linux\example\test_driver\integration_test.dart","252","03/09/2026 14:54:13"
"C:\musica_eventi_e_documenti\linux\flutter\ephemeral\.plugin_symlinks\url_launcher_linux\example\pubspec.yaml","732","03/09/2026 14:54:13"
"C:\musica_eventi_e_documenti\linux\flutter\ephemeral\.plugin_symlinks\url_launcher_linux\lib\src\messages.g.dart","4000","03/09/2026 14:54:12"
"C:\musica_eventi_e_documenti\linux\flutter\ephemeral\.plugin_symlinks\url_launcher_linux\lib\url_launcher_linux.dart","2335","03/09/2026 14:54:12"
"C:\musica_eventi_e_documenti\linux\flutter\ephemeral\.plugin_symlinks\url_launcher_linux\pigeons\messages.dart","689","03/09/2026 14:54:12"
"C:\musica_eventi_e_documenti\linux\flutter\ephemeral\.plugin_symlinks\url_launcher_linux\test\url_launcher_linux_test.dart","5462","03/09/2026 14:54:12"
"C:\musica_eventi_e_documenti\linux\flutter\ephemeral\.plugin_symlinks\url_launcher_linux\pubspec.yaml","757","03/09/2026 14:54:12"
"C:\musica_eventi_e_documenti\macos\Runner\Assets.xcassets\AppIcon.appiconset\Contents.json","1359","25/07/2025 09:50:54"
"C:\musica_eventi_e_documenti\test\widget_test.dart","1106","07/08/2026 10:00:04"
"C:\musica_eventi_e_documenti\web\index.html","3158","07/08/2026 15:25:58"
"C:\musica_eventi_e_documenti\web\manifest.json","981","07/08/2026 10:00:04"
"C:\musica_eventi_e_documenti\web\sqflite_sw.js","790","07/08/2026 15:23:54"
"C:\musica_eventi_e_documenti\windows\flutter\ephemeral\.plugin_symlinks\audioplayers_windows\analysis_options.yaml","50","14/08/2026 18:21:59"
"C:\musica_eventi_e_documenti\windows\flutter\ephemeral\.plugin_symlinks\audioplayers_windows\pubspec.yaml","666","14/08/2026 18:21:59"
"C:\musica_eventi_e_documenti\windows\flutter\ephemeral\.plugin_symlinks\connectivity_plus\android\src\main\AndroidManifest.xml","209","03/09/2026 13:19:03"
"C:\musica_eventi_e_documenti\windows\flutter\ephemeral\.plugin_symlinks\connectivity_plus\example\android\app\src\main\AndroidManifest.xml","1092","03/09/2026 13:19:03"
"C:\musica_eventi_e_documenti\windows\flutter\ephemeral\.plugin_symlinks\connectivity_plus\example\integration_test\connectivity_plus_test.dart","1912","03/09/2026 13:19:03"
"C:\musica_eventi_e_documenti\windows\flutter\ephemeral\.plugin_symlinks\connectivity_plus\example\ios\Runner\Assets.xcassets\AppIcon.appiconset\Contents.json","2519","03/09/2026 13:19:03"
"C:\musica_eventi_e_documenti\windows\flutter\ephemeral\.plugin_symlinks\connectivity_plus\example\ios\Runner\Assets.xcassets\LaunchImage.imageset\Contents.json","391","03/09/2026 13:19:03"
"C:\musica_eventi_e_documenti\windows\flutter\ephemeral\.plugin_symlinks\connectivity_plus\example\lib\main.dart","3534","03/09/2026 13:19:03"
"C:\musica_eventi_e_documenti\windows\flutter\ephemeral\.plugin_symlinks\connectivity_plus\example\macos\Runner\Assets.xcassets\AppIcon.appiconset\Contents.json","1291","03/09/2026 13:19:03"
"C:\musica_eventi_e_documenti\windows\flutter\ephemeral\.plugin_symlinks\connectivity_plus\example\web\index.html","1120","03/09/2026 13:19:03"
"C:\musica_eventi_e_documenti\windows\flutter\ephemeral\.plugin_symlinks\connectivity_plus\example\web\manifest.json","570","03/09/2026 13:19:03"
"C:\musica_eventi_e_documenti\windows\flutter\ephemeral\.plugin_symlinks\connectivity_plus\example\analysis_options.yaml","1453","03/09/2026 13:19:03"
"C:\musica_eventi_e_documenti\windows\flutter\ephemeral\.plugin_symlinks\connectivity_plus\example\pubspec.yaml","422","03/09/2026 13:19:03"
"C:\musica_eventi_e_documenti\windows\flutter\ephemeral\.plugin_symlinks\connectivity_plus\lib\src\web\dart_html_connectivity_plugin.dart","1270","03/09/2026 13:19:03"
"C:\musica_eventi_e_documenti\windows\flutter\ephemeral\.plugin_symlinks\connectivity_plus\lib\src\connectivity_plus_linux.dart","3036","03/09/2026 13:19:03"
"C:\musica_eventi_e_documenti\windows\flutter\ephemeral\.plugin_symlinks\connectivity_plus\lib\src\connectivity_plus_web.dart","600","03/09/2026 13:19:03"
"C:\musica_eventi_e_documenti\windows\flutter\ephemeral\.plugin_symlinks\connectivity_plus\lib\connectivity_plus.dart","2821","03/09/2026 13:19:03"
"C:\musica_eventi_e_documenti\windows\flutter\ephemeral\.plugin_symlinks\connectivity_plus\test\connectivity_plus_linux_test.dart","4023","03/09/2026 13:19:03"
"C:\musica_eventi_e_documenti\windows\flutter\ephemeral\.plugin_symlinks\connectivity_plus\test\connectivity_plus_linux_test.mocks.dart","9053","03/09/2026 13:19:03"
"C:\musica_eventi_e_documenti\windows\flutter\ephemeral\.plugin_symlinks\connectivity_plus\test\connectivity_test.dart","1269","03/09/2026 13:19:03"
"C:\musica_eventi_e_documenti\windows\flutter\ephemeral\.plugin_symlinks\connectivity_plus\pubspec.yaml","1504","03/09/2026 13:19:03"
"C:\musica_eventi_e_documenti\windows\flutter\ephemeral\.plugin_symlinks\file_picker\android\src\main\AndroidManifest.xml","282","03/08/2026 17:19:02"
"C:\musica_eventi_e_documenti\windows\flutter\ephemeral\.plugin_symlinks\file_picker\example\android\app\src\debug\AndroidManifest.xml","378","03/08/2026 17:19:00"
"C:\musica_eventi_e_documenti\windows\flutter\ephemeral\.plugin_symlinks\file_picker\example\android\app\src\main\res\drawable\launch_background.xml","434","03/08/2026 17:19:00"
"C:\musica_eventi_e_documenti\windows\flutter\ephemeral\.plugin_symlinks\file_picker\example\android\app\src\main\res\drawable-v21\launch_background.xml","438","03/08/2026 17:19:00"
"C:\musica_eventi_e_documenti\windows\flutter\ephemeral\.plugin_symlinks\file_picker\example\android\app\src\main\res\values\styles.xml","996","03/08/2026 17:19:00"
"C:\musica_eventi_e_documenti\windows\flutter\ephemeral\.plugin_symlinks\file_picker\example\android\app\src\main\res\values-night\styles.xml","995","03/08/2026 17:19:00"
"C:\musica_eventi_e_documenti\windows\flutter\ephemeral\.plugin_symlinks\file_picker\example\android\app\src\main\AndroidManifest.xml","2287","03/08/2026 17:19:00"
"C:\musica_eventi_e_documenti\windows\flutter\ephemeral\.plugin_symlinks\file_picker\example\android\app\src\profile\AndroidManifest.xml","378","03/08/2026 17:19:00"
"C:\musica_eventi_e_documenti\windows\flutter\ephemeral\.plugin_symlinks\file_picker\example\ios\Runner\Assets.xcassets\AppIcon.appiconset\Contents.json","2519","03/08/2026 17:19:02"
"C:\musica_eventi_e_documenti\windows\flutter\ephemeral\.plugin_symlinks\file_picker\example\ios\Runner\Assets.xcassets\LaunchImage.imageset\Contents.json","391","03/08/2026 17:19:02"
"C:\musica_eventi_e_documenti\windows\flutter\ephemeral\.plugin_symlinks\file_picker\example\lib\src\file_picker_demo.dart","18783","03/08/2026 17:19:00"
"C:\musica_eventi_e_documenti\windows\flutter\ephemeral\.plugin_symlinks\file_picker\example\lib\main.dart","145","03/08/2026 17:19:00"
"C:\musica_eventi_e_documenti\windows\flutter\ephemeral\.plugin_symlinks\file_picker\example\lib\main_desktop.dart","253","03/08/2026 17:19:00"
"C:\musica_eventi_e_documenti\windows\flutter\ephemeral\.plugin_symlinks\file_picker\example\macos\Runner\Assets.xcassets\AppIcon.appiconset\Contents.json","1291","03/08/2026 17:19:00"
"C:\musica_eventi_e_documenti\windows\flutter\ephemeral\.plugin_symlinks\file_picker\example\web\index.html","695","03/08/2026 17:19:00"
"C:\musica_eventi_e_documenti\windows\flutter\ephemeral\.plugin_symlinks\file_picker\example\web\manifest.json","570","03/08/2026 17:19:00"
"C:\musica_eventi_e_documenti\windows\flutter\ephemeral\.plugin_symlinks\file_picker\example\analysis_options.yaml","1453","03/08/2026 17:19:00"
"C:\musica_eventi_e_documenti\windows\flutter\ephemeral\.plugin_symlinks\file_picker\example\pubspec.yaml","307","03/08/2026 17:19:00"
"C:\musica_eventi_e_documenti\windows\flutter\ephemeral\.plugin_symlinks\file_picker\lib\src\linux\dialog_handler.dart","1879","03/08/2026 17:19:02"
"C:\musica_eventi_e_documenti\windows\flutter\ephemeral\.plugin_symlinks\file_picker\lib\src\linux\file_picker_linux.dart","4029","03/08/2026 17:19:02"
"C:\musica_eventi_e_documenti\windows\flutter\ephemeral\.plugin_symlinks\file_picker\lib\src\linux\kdialog_handler.dart","2716","03/08/2026 17:19:02"
"C:\musica_eventi_e_documenti\windows\flutter\ephemeral\.plugin_symlinks\file_picker\lib\src\linux\qarma_and_zenity_handler.dart","2387","03/08/2026 17:19:02"
"C:\musica_eventi_e_documenti\windows\flutter\ephemeral\.plugin_symlinks\file_picker\lib\src\windows\file_picker_windows.dart","13550","03/08/2026 17:19:02"
"C:\musica_eventi_e_documenti\windows\flutter\ephemeral\.plugin_symlinks\file_picker\lib\src\windows\file_picker_windows_ffi_types.dart","11396","03/08/2026 17:19:02"
"C:\musica_eventi_e_documenti\windows\flutter\ephemeral\.plugin_symlinks\file_picker\lib\src\windows\file_picker_windows_stub.dart","284","03/08/2026 17:19:02"
"C:\musica_eventi_e_documenti\windows\flutter\ephemeral\.plugin_symlinks\file_picker\lib\src\exceptions.dart","228","03/08/2026 17:19:02"
"C:\musica_eventi_e_documenti\windows\flutter\ephemeral\.plugin_symlinks\file_picker\lib\src\file_picker.dart","9254","03/08/2026 17:19:02"
"C:\musica_eventi_e_documenti\windows\flutter\ephemeral\.plugin_symlinks\file_picker\lib\src\file_picker_io.dart","5089","03/08/2026 17:19:02"
"C:\musica_eventi_e_documenti\windows\flutter\ephemeral\.plugin_symlinks\file_picker\lib\src\file_picker_macos.dart","4513","03/08/2026 17:19:02"
"C:\musica_eventi_e_documenti\windows\flutter\ephemeral\.plugin_symlinks\file_picker\lib\src\file_picker_result.dart","1548","03/08/2026 17:19:02"
"C:\musica_eventi_e_documenti\windows\flutter\ephemeral\.plugin_symlinks\file_picker\lib\src\platform_file.dart","3616","03/08/2026 17:19:02"
"C:\musica_eventi_e_documenti\windows\flutter\ephemeral\.plugin_symlinks\file_picker\lib\src\utils.dart","1837","03/08/2026 17:19:02"
"C:\musica_eventi_e_documenti\windows\flutter\ephemeral\.plugin_symlinks\file_picker\lib\_internal\file_picker_web.dart","6985","03/08/2026 17:19:02"
"C:\musica_eventi_e_documenti\windows\flutter\ephemeral\.plugin_symlinks\file_picker\lib\file_picker.dart","479","03/08/2026 17:19:02"
"C:\musica_eventi_e_documenti\windows\flutter\ephemeral\.plugin_symlinks\file_picker\test\linux\dialog_handler_test.dart","1100","03/08/2026 17:19:00"
"C:\musica_eventi_e_documenti\windows\flutter\ephemeral\.plugin_symlinks\file_picker\test\linux\kdialog_handler_test.dart","8471","03/08/2026 17:19:00"
"C:\musica_eventi_e_documenti\windows\flutter\ephemeral\.plugin_symlinks\file_picker\test\linux\qarma_and_zenity_handler_test.dart","8074","03/08/2026 17:19:00"
"C:\musica_eventi_e_documenti\windows\flutter\ephemeral\.plugin_symlinks\file_picker\test\common.dart","818","03/08/2026 17:19:00"
"C:\musica_eventi_e_documenti\windows\flutter\ephemeral\.plugin_symlinks\file_picker\test\file_picker_macos_test.dart","3732","03/08/2026 17:19:00"
"C:\musica_eventi_e_documenti\windows\flutter\ephemeral\.plugin_symlinks\file_picker\test\file_picker_utils_test.dart","4908","03/08/2026 17:19:00"
"C:\musica_eventi_e_documenti\windows\flutter\ephemeral\.plugin_symlinks\file_picker\test\file_picker_windows_test.dart","6709","03/08/2026 17:19:00"
"C:\musica_eventi_e_documenti\windows\flutter\ephemeral\.plugin_symlinks\file_picker\analysis_options.yaml","1066","03/08/2026 17:19:02"
"C:\musica_eventi_e_documenti\windows\flutter\ephemeral\.plugin_symlinks\file_picker\pubspec.yaml","1328","03/08/2026 17:19:02"
"C:\musica_eventi_e_documenti\windows\flutter\ephemeral\.plugin_symlinks\file_selector_windows\example\lib\get_directory_page.dart","2308","03/09/2026 14:54:13"
"C:\musica_eventi_e_documenti\windows\flutter\ephemeral\.plugin_symlinks\file_selector_windows\example\lib\get_multiple_directories_page.dart","2414","03/09/2026 14:54:13"
"C:\musica_eventi_e_documenti\windows\flutter\ephemeral\.plugin_symlinks\file_selector_windows\example\lib\home_page.dart","2197","03/09/2026 14:54:13"
"C:\musica_eventi_e_documenti\windows\flutter\ephemeral\.plugin_symlinks\file_selector_windows\example\lib\main.dart","1377","03/09/2026 14:54:13"
"C:\musica_eventi_e_documenti\windows\flutter\ephemeral\.plugin_symlinks\file_selector_windows\example\lib\open_image_page.dart","2617","03/09/2026 14:54:13"
"C:\musica_eventi_e_documenti\windows\flutter\ephemeral\.plugin_symlinks\file_selector_windows\example\lib\open_multiple_images_page.dart","2830","03/09/2026 14:54:13"
"C:\musica_eventi_e_documenti\windows\flutter\ephemeral\.plugin_symlinks\file_selector_windows\example\lib\open_text_page.dart","2415","03/09/2026 14:54:13"
"C:\musica_eventi_e_documenti\windows\flutter\ephemeral\.plugin_symlinks\file_selector_windows\example\lib\save_text_page.dart","3171","03/09/2026 14:54:13"
"C:\musica_eventi_e_documenti\windows\flutter\ephemeral\.plugin_symlinks\file_selector_windows\example\pubspec.yaml","706","03/09/2026 14:54:13"
"C:\musica_eventi_e_documenti\windows\flutter\ephemeral\.plugin_symlinks\file_selector_windows\lib\src\messages.g.dart","10285","03/09/2026 14:54:12"
"C:\musica_eventi_e_documenti\windows\flutter\ephemeral\.plugin_symlinks\file_selector_windows\lib\file_selector_windows.dart","4294","03/09/2026 14:54:12"
"C:\musica_eventi_e_documenti\windows\flutter\ephemeral\.plugin_symlinks\file_selector_windows\pigeons\messages.dart","1627","03/09/2026 14:54:13"
"C:\musica_eventi_e_documenti\windows\flutter\ephemeral\.plugin_symlinks\file_selector_windows\test\file_selector_windows_test.dart","13493","03/09/2026 14:54:13"
"C:\musica_eventi_e_documenti\windows\flutter\ephemeral\.plugin_symlinks\file_selector_windows\pubspec.yaml","792","03/09/2026 14:54:13"
"C:\musica_eventi_e_documenti\windows\flutter\ephemeral\.plugin_symlinks\flutter_inappwebview_windows\example\integration_test\plugin_integration_test.dart","0","12/08/2026 18:11:36"
"C:\musica_eventi_e_documenti\windows\flutter\ephemeral\.plugin_symlinks\flutter_inappwebview_windows\example\lib\main.dart","0","12/08/2026 18:11:36"
"C:\musica_eventi_e_documenti\windows\flutter\ephemeral\.plugin_symlinks\flutter_inappwebview_windows\example\test\widget_test.dart","0","12/08/2026 18:11:36"
"C:\musica_eventi_e_documenti\windows\flutter\ephemeral\.plugin_symlinks\flutter_inappwebview_windows\example\analysis_options.yaml","1448","12/08/2026 18:11:36"
"C:\musica_eventi_e_documenti\windows\flutter\ephemeral\.plugin_symlinks\flutter_inappwebview_windows\example\pubspec.yaml","3478","12/08/2026 18:11:36"
"C:\musica_eventi_e_documenti\windows\flutter\ephemeral\.plugin_symlinks\flutter_inappwebview_windows\lib\src\find_interaction\find_interaction_controller.dart","5365","12/08/2026 18:11:35"
"C:\musica_eventi_e_documenti\windows\flutter\ephemeral\.plugin_symlinks\flutter_inappwebview_windows\lib\src\find_interaction\main.dart","88","12/08/2026 18:11:35"
"C:\musica_eventi_e_documenti\windows\flutter\ephemeral\.plugin_symlinks\flutter_inappwebview_windows\lib\src\in_app_browser\in_app_browser.dart","12805","12/08/2026 18:11:35"
"C:\musica_eventi_e_documenti\windows\flutter\ephemeral\.plugin_symlinks\flutter_inappwebview_windows\lib\src\in_app_browser\main.dart","57","12/08/2026 18:11:35"
"C:\musica_eventi_e_documenti\windows\flutter\ephemeral\.plugin_symlinks\flutter_inappwebview_windows\lib\src\in_app_webview\custom_platform_view.dart","15405","12/08/2026 18:11:35"
"C:\musica_eventi_e_documenti\windows\flutter\ephemeral\.plugin_symlinks\flutter_inappwebview_windows\lib\src\in_app_webview\headless_in_app_webview.dart","19244","12/08/2026 18:11:35"
"C:\musica_eventi_e_documenti\windows\flutter\ephemeral\.plugin_symlinks\flutter_inappwebview_windows\lib\src\in_app_webview\in_app_webview.dart","18836","12/08/2026 18:11:35"
"C:\musica_eventi_e_documenti\windows\flutter\ephemeral\.plugin_symlinks\flutter_inappwebview_windows\lib\src\in_app_webview\in_app_webview_controller.dart","110769","12/08/2026 18:11:35"
"C:\musica_eventi_e_documenti\windows\flutter\ephemeral\.plugin_symlinks\flutter_inappwebview_windows\lib\src\in_app_webview\main.dart","183","12/08/2026 18:11:35"
"C:\musica_eventi_e_documenti\windows\flutter\ephemeral\.plugin_symlinks\flutter_inappwebview_windows\lib\src\in_app_webview\_static_channel.dart","154","12/08/2026 18:11:35"
"C:\musica_eventi_e_documenti\windows\flutter\ephemeral\.plugin_symlinks\flutter_inappwebview_windows\lib\src\print_job\main.dart","37","12/08/2026 18:11:35"
"C:\musica_eventi_e_documenti\windows\flutter\ephemeral\.plugin_symlinks\flutter_inappwebview_windows\lib\src\print_job\print_job_controller.dart","2963","12/08/2026 18:11:35"
"C:\musica_eventi_e_documenti\windows\flutter\ephemeral\.plugin_symlinks\flutter_inappwebview_windows\lib\src\webview_environment\main.dart","74","12/08/2026 18:11:35"
"C:\musica_eventi_e_documenti\windows\flutter\ephemeral\.plugin_symlinks\flutter_inappwebview_windows\lib\src\webview_environment\webview_environment.dart","4337","12/08/2026 18:11:35"
"C:\musica_eventi_e_documenti\windows\flutter\ephemeral\.plugin_symlinks\flutter_inappwebview_windows\lib\src\web_message\main.dart","165","12/08/2026 18:11:35"
"C:\musica_eventi_e_documenti\windows\flutter\ephemeral\.plugin_symlinks\flutter_inappwebview_windows\lib\src\web_message\web_message_channel.dart","4568","12/08/2026 18:11:35"
"C:\musica_eventi_e_documenti\windows\flutter\ephemeral\.plugin_symlinks\flutter_inappwebview_windows\lib\src\web_message\web_message_listener.dart","6552","12/08/2026 18:11:35"
"C:\musica_eventi_e_documenti\windows\flutter\ephemeral\.plugin_symlinks\flutter_inappwebview_windows\lib\src\web_message\web_message_port.dart","3489","12/08/2026 18:11:35"
"C:\musica_eventi_e_documenti\windows\flutter\ephemeral\.plugin_symlinks\flutter_inappwebview_windows\lib\src\web_storage\main.dart","95","12/08/2026 18:11:35"
"C:\musica_eventi_e_documenti\windows\flutter\ephemeral\.plugin_symlinks\flutter_inappwebview_windows\lib\src\web_storage\web_storage.dart","9487","12/08/2026 18:11:35"
"C:\musica_eventi_e_documenti\windows\flutter\ephemeral\.plugin_symlinks\flutter_inappwebview_windows\lib\src\web_storage\web_storage_manager.dart","4978","12/08/2026 18:11:35"
"C:\musica_eventi_e_documenti\windows\flutter\ephemeral\.plugin_symlinks\flutter_inappwebview_windows\lib\src\cookie_manager.dart","8833","12/08/2026 18:11:35"
"C:\musica_eventi_e_documenti\windows\flutter\ephemeral\.plugin_symlinks\flutter_inappwebview_windows\lib\src\http_auth_credentials_database.dart","6374","12/08/2026 18:11:35"
"C:\musica_eventi_e_documenti\windows\flutter\ephemeral\.plugin_symlinks\flutter_inappwebview_windows\lib\src\inappwebview_platform.dart","5286","12/08/2026 18:11:35"
"C:\musica_eventi_e_documenti\windows\flutter\ephemeral\.plugin_symlinks\flutter_inappwebview_windows\lib\src\main.dart","436","12/08/2026 18:11:35"
"C:\musica_eventi_e_documenti\windows\flutter\ephemeral\.plugin_symlinks\flutter_inappwebview_windows\lib\src\platform_util.dart","2032","12/08/2026 18:11:35"
"C:\musica_eventi_e_documenti\windows\flutter\ephemeral\.plugin_symlinks\flutter_inappwebview_windows\lib\flutter_inappwebview_windows.dart","66","12/08/2026 18:11:35"
"C:\musica_eventi_e_documenti\windows\flutter\ephemeral\.plugin_symlinks\flutter_inappwebview_windows\test\flutter_inappwebview_windows_test.dart","0","12/08/2026 18:11:35"
"C:\musica_eventi_e_documenti\windows\flutter\ephemeral\.plugin_symlinks\flutter_inappwebview_windows\analysis_options.yaml","443","12/08/2026 18:11:36"
"C:\musica_eventi_e_documenti\windows\flutter\ephemeral\.plugin_symlinks\flutter_inappwebview_windows\pubspec.yaml","2851","12/08/2026 18:11:35"
"C:\musica_eventi_e_documenti\windows\flutter\ephemeral\.plugin_symlinks\image_picker_windows\example\lib\main.dart","18179","03/08/2026 17:19:01"
"C:\musica_eventi_e_documenti\windows\flutter\ephemeral\.plugin_symlinks\image_picker_windows\example\pubspec.yaml","740","03/08/2026 17:19:01"
"C:\musica_eventi_e_documenti\windows\flutter\ephemeral\.plugin_symlinks\image_picker_windows\lib\image_picker_windows.dart","7253","03/08/2026 17:19:01"
"C:\musica_eventi_e_documenti\windows\flutter\ephemeral\.plugin_symlinks\image_picker_windows\test\image_picker_windows_test.dart","7159","03/08/2026 17:19:01"
"C:\musica_eventi_e_documenti\windows\flutter\ephemeral\.plugin_symlinks\image_picker_windows\test\image_picker_windows_test.mocks.dart","4345","03/08/2026 17:19:01"
"C:\musica_eventi_e_documenti\windows\flutter\ephemeral\.plugin_symlinks\image_picker_windows\pubspec.yaml","798","03/08/2026 17:19:01"
"C:\musica_eventi_e_documenti\windows\flutter\ephemeral\.plugin_symlinks\jni\android\.cxx\Debug\186uvs60\arm64-v8a\.cmake\api\v1\reply\cache-v2-efa6ef09abaab54b39a4.json","26437","04/08/2026 07:21:00"
"C:\musica_eventi_e_documenti\windows\flutter\ephemeral\.plugin_symlinks\jni\android\.cxx\Debug\186uvs60\arm64-v8a\.cmake\api\v1\reply\cmakeFiles-v1-eafa7793173986f3b4a8.json","15234","04/08/2026 07:21:00"
"C:\musica_eventi_e_documenti\windows\flutter\ephemeral\.plugin_symlinks\jni\android\.cxx\Debug\186uvs60\arm64-v8a\.cmake\api\v1\reply\codemodel-v2-76e64b4abee761b00751.json","1084","04/08/2026 07:21:00"
"C:\musica_eventi_e_documenti\windows\flutter\ephemeral\.plugin_symlinks\jni\android\.cxx\Debug\186uvs60\arm64-v8a\.cmake\api\v1\reply\directory-.-Debug-d0094a50bb2071803777.json","168","04/08/2026 07:21:00"
"C:\musica_eventi_e_documenti\windows\flutter\ephemeral\.plugin_symlinks\jni\android\.cxx\Debug\186uvs60\arm64-v8a\.cmake\api\v1\reply\index-2026-08-04T05-21-00-0738.json","1643","04/08/2026 07:21:00"
"C:\musica_eventi_e_documenti\windows\flutter\ephemeral\.plugin_symlinks\jni\android\.cxx\Debug\186uvs60\arm64-v8a\.cmake\api\v1\reply\target-jni-Debug-110c1b430365a39eb089.json","2815","04/08/2026 07:21:00"
"C:\musica_eventi_e_documenti\windows\flutter\ephemeral\.plugin_symlinks\jni\android\.cxx\Debug\186uvs60\arm64-v8a\android_gradle_build.json","1316","04/08/2026 07:21:00"
"C:\musica_eventi_e_documenti\windows\flutter\ephemeral\.plugin_symlinks\jni\android\.cxx\Debug\186uvs60\arm64-v8a\android_gradle_build_mini.json","912","04/08/2026 07:21:00"
"C:\musica_eventi_e_documenti\windows\flutter\ephemeral\.plugin_symlinks\jni\android\.cxx\Debug\186uvs60\arm64-v8a\compile_commands.json","2589","04/08/2026 07:21:00"
"C:\musica_eventi_e_documenti\windows\flutter\ephemeral\.plugin_symlinks\jni\android\.cxx\Debug\186uvs60\arm64-v8a\prefab_config.json","40","04/08/2026 07:21:00"
"C:\musica_eventi_e_documenti\windows\flutter\ephemeral\.plugin_symlinks\jni\android\.cxx\Debug\186uvs60\armeabi-v7a\.cmake\api\v1\reply\cache-v2-d5de5a4171307e24592c.json","26449","04/08/2026 07:21:02"
"C:\musica_eventi_e_documenti\windows\flutter\ephemeral\.plugin_symlinks\jni\android\.cxx\Debug\186uvs60\armeabi-v7a\.cmake\api\v1\reply\cmakeFiles-v1-ae9f9a78fa917952a5ca.json","15242","04/08/2026 07:21:02"
"C:\musica_eventi_e_documenti\windows\flutter\ephemeral\.plugin_symlinks\jni\android\.cxx\Debug\186uvs60\armeabi-v7a\.cmake\api\v1\reply\codemodel-v2-4fce42649dd6ebeeb07e.json","1086","04/08/2026 07:21:02"
"C:\musica_eventi_e_documenti\windows\flutter\ephemeral\.plugin_symlinks\jni\android\.cxx\Debug\186uvs60\armeabi-v7a\.cmake\api\v1\reply\directory-.-Debug-d0094a50bb2071803777.json","168","04/08/2026 07:21:02"
"C:\musica_eventi_e_documenti\windows\flutter\ephemeral\.plugin_symlinks\jni\android\.cxx\Debug\186uvs60\armeabi-v7a\.cmake\api\v1\reply\index-2026-08-04T05-21-02-0929.json","1643","04/08/2026 07:21:02"
"C:\musica_eventi_e_documenti\windows\flutter\ephemeral\.plugin_symlinks\jni\android\.cxx\Debug\186uvs60\armeabi-v7a\.cmake\api\v1\reply\target-jni-Debug-e27452e8b5f9a0870acd.json","2840","04/08/2026 07:21:02"
"C:\musica_eventi_e_documenti\windows\flutter\ephemeral\.plugin_symlinks\jni\android\.cxx\Debug\186uvs60\armeabi-v7a\android_gradle_build.json","1324","04/08/2026 07:21:02"
"C:\musica_eventi_e_documenti\windows\flutter\ephemeral\.plugin_symlinks\jni\android\.cxx\Debug\186uvs60\armeabi-v7a\android_gradle_build_mini.json","920","04/08/2026 07:21:02"
"C:\musica_eventi_e_documenti\windows\flutter\ephemeral\.plugin_symlinks\jni\android\.cxx\Debug\186uvs60\armeabi-v7a\compile_commands.json","2670","04/08/2026 07:21:02"
"C:\musica_eventi_e_documenti\windows\flutter\ephemeral\.plugin_symlinks\jni\android\.cxx\Debug\186uvs60\armeabi-v7a\prefab_config.json","40","04/08/2026 07:21:02"
"C:\musica_eventi_e_documenti\windows\flutter\ephemeral\.plugin_symlinks\jni\android\.cxx\Debug\186uvs60\x86\.cmake\api\v1\reply\cache-v2-c2f10a4ac6cf7bf19fc3.json","26401","04/08/2026 07:21:04"
"C:\musica_eventi_e_documenti\windows\flutter\ephemeral\.plugin_symlinks\jni\android\.cxx\Debug\186uvs60\x86\.cmake\api\v1\reply\cmakeFiles-v1-5ed528d49bbc8970e5df.json","15210","04/08/2026 07:21:04"
"C:\musica_eventi_e_documenti\windows\flutter\ephemeral\.plugin_symlinks\jni\android\.cxx\Debug\186uvs60\x86\.cmake\api\v1\reply\codemodel-v2-315af14b8e1e3aecf0c4.json","1078","04/08/2026 07:21:04"
"C:\musica_eventi_e_documenti\windows\flutter\ephemeral\.plugin_symlinks\jni\android\.cxx\Debug\186uvs60\x86\.cmake\api\v1\reply\directory-.-Debug-d0094a50bb2071803777.json","168","04/08/2026 07:21:04"
"C:\musica_eventi_e_documenti\windows\flutter\ephemeral\.plugin_symlinks\jni\android\.cxx\Debug\186uvs60\x86\.cmake\api\v1\reply\index-2026-08-04T05-21-04-0150.json","1643","04/08/2026 07:21:04"
"C:\musica_eventi_e_documenti\windows\flutter\ephemeral\.plugin_symlinks\jni\android\.cxx\Debug\186uvs60\x86\.cmake\api\v1\reply\target-jni-Debug-1b49bf01446791126ccf.json","2824","04/08/2026 07:21:04"
"C:\musica_eventi_e_documenti\windows\flutter\ephemeral\.plugin_symlinks\jni\android\.cxx\Debug\186uvs60\x86\android_gradle_build.json","1292","04/08/2026 07:21:04"
"C:\musica_eventi_e_documenti\windows\flutter\ephemeral\.plugin_symlinks\jni\android\.cxx\Debug\186uvs60\x86\android_gradle_build_mini.json","888","04/08/2026 07:21:04"
"C:\musica_eventi_e_documenti\windows\flutter\ephemeral\.plugin_symlinks\jni\android\.cxx\Debug\186uvs60\x86\compile_commands.json","2607","04/08/2026 07:21:04"
"C:\musica_eventi_e_documenti\windows\flutter\ephemeral\.plugin_symlinks\jni\android\.cxx\Debug\186uvs60\x86\prefab_config.json","40","04/08/2026 07:21:04"
"C:\musica_eventi_e_documenti\windows\flutter\ephemeral\.plugin_symlinks\jni\android\.cxx\Debug\186uvs60\x86_64\.cmake\api\v1\reply\cache-v2-ab5a8d2b553a59f4fdba.json","26419","04/08/2026 07:21:05"
"C:\musica_eventi_e_documenti\windows\flutter\ephemeral\.plugin_symlinks\jni\android\.cxx\Debug\186uvs60\x86_64\.cmake\api\v1\reply\cmakeFiles-v1-213bdc99ed5d5339e5bd.json","15222","04/08/2026 07:21:05"
"C:\musica_eventi_e_documenti\windows\flutter\ephemeral\.plugin_symlinks\jni\android\.cxx\Debug\186uvs60\x86_64\.cmake\api\v1\reply\codemodel-v2-661d088d2cf69b3f9177.json","1081","04/08/2026 07:21:05"
"C:\musica_eventi_e_documenti\windows\flutter\ephemeral\.plugin_symlinks\jni\android\.cxx\Debug\186uvs60\x86_64\.cmake\api\v1\reply\directory-.-Debug-d0094a50bb2071803777.json","168","04/08/2026 07:21:05"
"C:\musica_eventi_e_documenti\windows\flutter\ephemeral\.plugin_symlinks\jni\android\.cxx\Debug\186uvs60\x86_64\.cmake\api\v1\reply\index-2026-08-04T05-21-05-0304.json","1643","04/08/2026 07:21:05"
"C:\musica_eventi_e_documenti\windows\flutter\ephemeral\.plugin_symlinks\jni\android\.cxx\Debug\186uvs60\x86_64\.cmake\api\v1\reply\target-jni-Debug-0193f7dfe4a9b237f059.json","2812","04/08/2026 07:21:05"
"C:\musica_eventi_e_documenti\windows\flutter\ephemeral\.plugin_symlinks\jni\android\.cxx\Debug\186uvs60\x86_64\android_gradle_build.json","1304","04/08/2026 07:21:05"
"C:\musica_eventi_e_documenti\windows\flutter\ephemeral\.plugin_symlinks\jni\android\.cxx\Debug\186uvs60\x86_64\android_gradle_build_mini.json","900","04/08/2026 07:21:05"
"C:\musica_eventi_e_documenti\windows\flutter\ephemeral\.plugin_symlinks\jni\android\.cxx\Debug\186uvs60\x86_64\compile_commands.json","2577","04/08/2026 07:21:05"
"C:\musica_eventi_e_documenti\windows\flutter\ephemeral\.plugin_symlinks\jni\android\.cxx\Debug\186uvs60\x86_64\prefab_config.json","40","04/08/2026 07:21:05"
"C:\musica_eventi_e_documenti\windows\flutter\ephemeral\.plugin_symlinks\jni\android\.cxx\Debug\36g39464\arm64-v8a\.cmake\api\v1\reply\cache-v2-6140dc02466a95fbb4e7.json","26447","14/08/2026 18:20:59"
"C:\musica_eventi_e_documenti\windows\flutter\ephemeral\.plugin_symlinks\jni\android\.cxx\Debug\36g39464\arm64-v8a\.cmake\api\v1\reply\cmakeFiles-v1-118f3e5a6432c338b03c.json","15234","14/08/2026 18:20:59"
"C:\musica_eventi_e_documenti\windows\flutter\ephemeral\.plugin_symlinks\jni\android\.cxx\Debug\36g39464\arm64-v8a\.cmake\api\v1\reply\codemodel-v2-05d87db68fb670d74214.json","1084","14/08/2026 18:20:59"
"C:\musica_eventi_e_documenti\windows\flutter\ephemeral\.plugin_symlinks\jni\android\.cxx\Debug\36g39464\arm64-v8a\.cmake\api\v1\reply\directory-.-Debug-d0094a50bb2071803777.json","168","14/08/2026 18:20:59"
"C:\musica_eventi_e_documenti\windows\flutter\ephemeral\.plugin_symlinks\jni\android\.cxx\Debug\36g39464\arm64-v8a\.cmake\api\v1\reply\index-2026-08-14T16-20-59-0679.json","1643","14/08/2026 18:20:59"
"C:\musica_eventi_e_documenti\windows\flutter\ephemeral\.plugin_symlinks\jni\android\.cxx\Debug\36g39464\arm64-v8a\.cmake\api\v1\reply\target-jni-Debug-08701835fda439077498.json","2820","14/08/2026 18:20:59"
"C:\musica_eventi_e_documenti\windows\flutter\ephemeral\.plugin_symlinks\jni\android\.cxx\Debug\36g39464\arm64-v8a\android_gradle_build.json","1321","14/08/2026 18:20:59"
"C:\musica_eventi_e_documenti\windows\flutter\ephemeral\.plugin_symlinks\jni\android\.cxx\Debug\36g39464\arm64-v8a\android_gradle_build_mini.json","917","14/08/2026 18:20:59"
"C:\musica_eventi_e_documenti\windows\flutter\ephemeral\.plugin_symlinks\jni\android\.cxx\Debug\36g39464\arm64-v8a\compile_commands.json","2589","14/08/2026 18:20:59"
"C:\musica_eventi_e_documenti\windows\flutter\ephemeral\.plugin_symlinks\jni\android\.cxx\Debug\36g39464\arm64-v8a\prefab_config.json","40","14/08/2026 18:20:59"
"C:\musica_eventi_e_documenti\windows\flutter\ephemeral\.plugin_symlinks\jni\android\.cxx\Debug\36g39464\armeabi-v7a\.cmake\api\v1\reply\cache-v2-1b8c3ad8db1e1fdac896.json","26459","14/08/2026 18:21:03"
"C:\musica_eventi_e_documenti\windows\flutter\ephemeral\.plugin_symlinks\jni\android\.cxx\Debug\36g39464\armeabi-v7a\.cmake\api\v1\reply\cmakeFiles-v1-d971acf16f2e99cd2649.json","15242","14/08/2026 18:21:03"
"C:\musica_eventi_e_documenti\windows\flutter\ephemeral\.plugin_symlinks\jni\android\.cxx\Debug\36g39464\armeabi-v7a\.cmake\api\v1\reply\codemodel-v2-a3e2a1051c78854d1f4a.json","1086","14/08/2026 18:21:03"
"C:\musica_eventi_e_documenti\windows\flutter\ephemeral\.plugin_symlinks\jni\android\.cxx\Debug\36g39464\armeabi-v7a\.cmake\api\v1\reply\directory-.-Debug-d0094a50bb2071803777.json","168","14/08/2026 18:21:03"
"C:\musica_eventi_e_documenti\windows\flutter\ephemeral\.plugin_symlinks\jni\android\.cxx\Debug\36g39464\armeabi-v7a\.cmake\api\v1\reply\index-2026-08-14T16-21-03-0630.json","1643","14/08/2026 18:21:03"
"C:\musica_eventi_e_documenti\windows\flutter\ephemeral\.plugin_symlinks\jni\android\.cxx\Debug\36g39464\armeabi-v7a\.cmake\api\v1\reply\target-jni-Debug-87a2710ed98d02927fd1.json","2845","14/08/2026 18:21:03"
"C:\musica_eventi_e_documenti\windows\flutter\ephemeral\.plugin_symlinks\jni\android\.cxx\Debug\36g39464\armeabi-v7a\android_gradle_build.json","1329","14/08/2026 18:21:03"
"C:\musica_eventi_e_documenti\windows\flutter\ephemeral\.plugin_symlinks\jni\android\.cxx\Debug\36g39464\armeabi-v7a\android_gradle_build_mini.json","925","14/08/2026 18:21:03"
"C:\musica_eventi_e_documenti\windows\flutter\ephemeral\.plugin_symlinks\jni\android\.cxx\Debug\36g39464\armeabi-v7a\compile_commands.json","2670","14/08/2026 18:21:03"
"C:\musica_eventi_e_documenti\windows\flutter\ephemeral\.plugin_symlinks\jni\android\.cxx\Debug\36g39464\armeabi-v7a\prefab_config.json","40","14/08/2026 18:21:03"
"C:\musica_eventi_e_documenti\windows\flutter\ephemeral\.plugin_symlinks\jni\android\.cxx\Debug\36g39464\x86\.cmake\api\v1\reply\cache-v2-cabcf8dc59feec5cc2c8.json","26411","14/08/2026 18:21:05"
"C:\musica_eventi_e_documenti\windows\flutter\ephemeral\.plugin_symlinks\jni\android\.cxx\Debug\36g39464\x86\.cmake\api\v1\reply\cmakeFiles-v1-3c61e2f45b8eb1dd086f.json","15210","14/08/2026 18:21:05"
"C:\musica_eventi_e_documenti\windows\flutter\ephemeral\.plugin_symlinks\jni\android\.cxx\Debug\36g39464\x86\.cmake\api\v1\reply\codemodel-v2-cd05a8bbbfce849cf783.json","1078","14/08/2026 18:21:05"
"C:\musica_eventi_e_documenti\windows\flutter\ephemeral\.plugin_symlinks\jni\android\.cxx\Debug\36g39464\x86\.cmake\api\v1\reply\directory-.-Debug-d0094a50bb2071803777.json","168","14/08/2026 18:21:05"
"C:\musica_eventi_e_documenti\windows\flutter\ephemeral\.plugin_symlinks\jni\android\.cxx\Debug\36g39464\x86\.cmake\api\v1\reply\index-2026-08-14T16-21-05-0879.json","1643","14/08/2026 18:21:05"
"C:\musica_eventi_e_documenti\windows\flutter\ephemeral\.plugin_symlinks\jni\android\.cxx\Debug\36g39464\x86\.cmake\api\v1\reply\target-jni-Debug-9a6dd819754db7fe4496.json","2829","14/08/2026 18:21:05"
"C:\musica_eventi_e_documenti\windows\flutter\ephemeral\.plugin_symlinks\jni\android\.cxx\Debug\36g39464\x86\android_gradle_build.json","1297","14/08/2026 18:21:05"
"C:\musica_eventi_e_documenti\windows\flutter\ephemeral\.plugin_symlinks\jni\android\.cxx\Debug\36g39464\x86\android_gradle_build_mini.json","893","14/08/2026 18:21:05"
"C:\musica_eventi_e_documenti\windows\flutter\ephemeral\.plugin_symlinks\jni\android\.cxx\Debug\36g39464\x86\compile_commands.json","2607","14/08/2026 18:21:05"
"C:\musica_eventi_e_documenti\windows\flutter\ephemeral\.plugin_symlinks\jni\android\.cxx\Debug\36g39464\x86\prefab_config.json","40","14/08/2026 18:21:05"
"C:\musica_eventi_e_documenti\windows\flutter\ephemeral\.plugin_symlinks\jni\android\.cxx\Debug\36g39464\x86_64\.cmake\api\v1\reply\cache-v2-2b5e0efd3bff97aedfa2.json","26429","14/08/2026 18:21:08"
"C:\musica_eventi_e_documenti\windows\flutter\ephemeral\.plugin_symlinks\jni\android\.cxx\Debug\36g39464\x86_64\.cmake\api\v1\reply\cmakeFiles-v1-6611cda1986d66c1b711.json","15222","14/08/2026 18:21:08"
"C:\musica_eventi_e_documenti\windows\flutter\ephemeral\.plugin_symlinks\jni\android\.cxx\Debug\36g39464\x86_64\.cmake\api\v1\reply\codemodel-v2-187866bb9cc583b17fa2.json","1081","14/08/2026 18:21:08"
"C:\musica_eventi_e_documenti\windows\flutter\ephemeral\.plugin_symlinks\jni\android\.cxx\Debug\36g39464\x86_64\.cmake\api\v1\reply\directory-.-Debug-d0094a50bb2071803777.json","168","14/08/2026 18:21:08"
"C:\musica_eventi_e_documenti\windows\flutter\ephemeral\.plugin_symlinks\jni\android\.cxx\Debug\36g39464\x86_64\.cmake\api\v1\reply\index-2026-08-14T16-21-08-0213.json","1643","14/08/2026 18:21:08"
"C:\musica_eventi_e_documenti\windows\flutter\ephemeral\.plugin_symlinks\jni\android\.cxx\Debug\36g39464\x86_64\.cmake\api\v1\reply\target-jni-Debug-a6a6a6a413bc97fd6c90.json","2817","14/08/2026 18:21:08"
"C:\musica_eventi_e_documenti\windows\flutter\ephemeral\.plugin_symlinks\jni\android\.cxx\Debug\36g39464\x86_64\android_gradle_build.json","1309","14/08/2026 18:21:08"
"C:\musica_eventi_e_documenti\windows\flutter\ephemeral\.plugin_symlinks\jni\android\.cxx\Debug\36g39464\x86_64\android_gradle_build_mini.json","905","14/08/2026 18:21:08"
"C:\musica_eventi_e_documenti\windows\flutter\ephemeral\.plugin_symlinks\jni\android\.cxx\Debug\36g39464\x86_64\compile_commands.json","2577","14/08/2026 18:21:07"
"C:\musica_eventi_e_documenti\windows\flutter\ephemeral\.plugin_symlinks\jni\android\.cxx\Debug\36g39464\x86_64\prefab_config.json","40","14/08/2026 18:21:08"
"C:\musica_eventi_e_documenti\windows\flutter\ephemeral\.plugin_symlinks\jni\android\.cxx\Debug\5b6g195f\arm64-v8a\.cmake\api\v1\reply\cache-v2-9f2cf73d6c709fdb5b7d.json","26447","04/09/2026 18:18:52"
"C:\musica_eventi_e_documenti\windows\flutter\ephemeral\.plugin_symlinks\jni\android\.cxx\Debug\5b6g195f\arm64-v8a\.cmake\api\v1\reply\cmakeFiles-v1-aa4211fed0bab4f636b0.json","15234","04/09/2026 18:18:52"
"C:\musica_eventi_e_documenti\windows\flutter\ephemeral\.plugin_symlinks\jni\android\.cxx\Debug\5b6g195f\arm64-v8a\.cmake\api\v1\reply\codemodel-v2-a0e6223be520925da400.json","1084","04/09/2026 18:18:52"
"C:\musica_eventi_e_documenti\windows\flutter\ephemeral\.plugin_symlinks\jni\android\.cxx\Debug\5b6g195f\arm64-v8a\.cmake\api\v1\reply\directory-.-Debug-d0094a50bb2071803777.json","168","04/09/2026 18:18:52"
"C:\musica_eventi_e_documenti\windows\flutter\ephemeral\.plugin_symlinks\jni\android\.cxx\Debug\5b6g195f\arm64-v8a\.cmake\api\v1\reply\index-2026-09-04T16-18-52-0431.json","1643","04/09/2026 18:18:52"
"C:\musica_eventi_e_documenti\windows\flutter\ephemeral\.plugin_symlinks\jni\android\.cxx\Debug\5b6g195f\arm64-v8a\.cmake\api\v1\reply\target-jni-Debug-554bbaa2bea6947ee480.json","2820","04/09/2026 18:18:52"
"C:\musica_eventi_e_documenti\windows\flutter\ephemeral\.plugin_symlinks\jni\android\.cxx\Debug\5b6g195f\arm64-v8a\android_gradle_build.json","1321","04/09/2026 18:18:52"
"C:\musica_eventi_e_documenti\windows\flutter\ephemeral\.plugin_symlinks\jni\android\.cxx\Debug\5b6g195f\arm64-v8a\android_gradle_build_mini.json","917","04/09/2026 18:18:52"
"C:\musica_eventi_e_documenti\windows\flutter\ephemeral\.plugin_symlinks\jni\android\.cxx\Debug\5b6g195f\arm64-v8a\compile_commands.json","2589","04/09/2026 18:18:52"
"C:\musica_eventi_e_documenti\windows\flutter\ephemeral\.plugin_symlinks\jni\android\.cxx\Debug\5b6g195f\arm64-v8a\prefab_config.json","40","04/09/2026 18:18:52"
"C:\musica_eventi_e_documenti\windows\flutter\ephemeral\.plugin_symlinks\jni\android\.cxx\Debug\5b6g195f\armeabi-v7a\.cmake\api\v1\reply\cache-v2-c816ac97c051efea6415.json","26459","04/09/2026 18:18:53"
"C:\musica_eventi_e_documenti\windows\flutter\ephemeral\.plugin_symlinks\jni\android\.cxx\Debug\5b6g195f\armeabi-v7a\.cmake\api\v1\reply\cmakeFiles-v1-fc522360f876de51864e.json","15242","04/09/2026 18:18:54"
"C:\musica_eventi_e_documenti\windows\flutter\ephemeral\.plugin_symlinks\jni\android\.cxx\Debug\5b6g195f\armeabi-v7a\.cmake\api\v1\reply\codemodel-v2-f1f853a41943b2af21a0.json","1086","04/09/2026 18:18:54"
"C:\musica_eventi_e_documenti\windows\flutter\ephemeral\.plugin_symlinks\jni\android\.cxx\Debug\5b6g195f\armeabi-v7a\.cmake\api\v1\reply\directory-.-Debug-d0094a50bb2071803777.json","168","04/09/2026 18:18:54"
"C:\musica_eventi_e_documenti\windows\flutter\ephemeral\.plugin_symlinks\jni\android\.cxx\Debug\5b6g195f\armeabi-v7a\.cmake\api\v1\reply\index-2026-09-04T16-18-54-0030.json","1643","04/09/2026 18:18:54"
"C:\musica_eventi_e_documenti\windows\flutter\ephemeral\.plugin_symlinks\jni\android\.cxx\Debug\5b6g195f\armeabi-v7a\.cmake\api\v1\reply\target-jni-Debug-d2fd021292ed005773f9.json","2845","04/09/2026 18:18:54"
"C:\musica_eventi_e_documenti\windows\flutter\ephemeral\.plugin_symlinks\jni\android\.cxx\Debug\5b6g195f\armeabi-v7a\android_gradle_build.json","1329","04/09/2026 18:18:54"
"C:\musica_eventi_e_documenti\windows\flutter\ephemeral\.plugin_symlinks\jni\android\.cxx\Debug\5b6g195f\armeabi-v7a\android_gradle_build_mini.json","925","04/09/2026 18:18:54"
"C:\musica_eventi_e_documenti\windows\flutter\ephemeral\.plugin_symlinks\jni\android\.cxx\Debug\5b6g195f\armeabi-v7a\compile_commands.json","2670","04/09/2026 18:18:53"
"C:\musica_eventi_e_documenti\windows\flutter\ephemeral\.plugin_symlinks\jni\android\.cxx\Debug\5b6g195f\armeabi-v7a\prefab_config.json","40","04/09/2026 18:18:54"
"C:\musica_eventi_e_documenti\windows\flutter\ephemeral\.plugin_symlinks\jni\android\.cxx\Debug\5b6g195f\x86\.cmake\api\v1\reply\cache-v2-36ee692b1334cf21664c.json","26411","04/09/2026 18:18:55"
"C:\musica_eventi_e_documenti\windows\flutter\ephemeral\.plugin_symlinks\jni\android\.cxx\Debug\5b6g195f\x86\.cmake\api\v1\reply\cmakeFiles-v1-1df041871863ea4bd144.json","15210","04/09/2026 18:18:55"
"C:\musica_eventi_e_documenti\windows\flutter\ephemeral\.plugin_symlinks\jni\android\.cxx\Debug\5b6g195f\x86\.cmake\api\v1\reply\codemodel-v2-40547b9c5b3b31724a21.json","1078","04/09/2026 18:18:55"
"C:\musica_eventi_e_documenti\windows\flutter\ephemeral\.plugin_symlinks\jni\android\.cxx\Debug\5b6g195f\x86\.cmake\api\v1\reply\directory-.-Debug-d0094a50bb2071803777.json","168","04/09/2026 18:18:55"
"C:\musica_eventi_e_documenti\windows\flutter\ephemeral\.plugin_symlinks\jni\android\.cxx\Debug\5b6g195f\x86\.cmake\api\v1\reply\index-2026-09-04T16-18-55-0104.json","1643","04/09/2026 18:18:55"
"C:\musica_eventi_e_documenti\windows\flutter\ephemeral\.plugin_symlinks\jni\android\.cxx\Debug\5b6g195f\x86\.cmake\api\v1\reply\target-jni-Debug-fd509067f974bb12e70e.json","2829","04/09/2026 18:18:55"
"C:\musica_eventi_e_documenti\windows\flutter\ephemeral\.plugin_symlinks\jni\android\.cxx\Debug\5b6g195f\x86\android_gradle_build.json","1297","04/09/2026 18:18:55"
"C:\musica_eventi_e_documenti\windows\flutter\ephemeral\.plugin_symlinks\jni\android\.cxx\Debug\5b6g195f\x86\android_gradle_build_mini.json","893","04/09/2026 18:18:55"
"C:\musica_eventi_e_documenti\windows\flutter\ephemeral\.plugin_symlinks\jni\android\.cxx\Debug\5b6g195f\x86\compile_commands.json","2607","04/09/2026 18:18:55"
"C:\musica_eventi_e_documenti\windows\flutter\ephemeral\.plugin_symlinks\jni\android\.cxx\Debug\5b6g195f\x86\prefab_config.json","40","04/09/2026 18:18:55"
"C:\musica_eventi_e_documenti\windows\flutter\ephemeral\.plugin_symlinks\jni\android\.cxx\Debug\5b6g195f\x86_64\.cmake\api\v1\reply\cache-v2-811422892f19feb5999d.json","26429","04/09/2026 18:18:56"
"C:\musica_eventi_e_documenti\windows\flutter\ephemeral\.plugin_symlinks\jni\android\.cxx\Debug\5b6g195f\x86_64\.cmake\api\v1\reply\cmakeFiles-v1-5054d363a1ed97585f8b.json","15222","04/09/2026 18:18:56"
"C:\musica_eventi_e_documenti\windows\flutter\ephemeral\.plugin_symlinks\jni\android\.cxx\Debug\5b6g195f\x86_64\.cmake\api\v1\reply\codemodel-v2-1dbfc47d3d40360ad1ab.json","1081","04/09/2026 18:18:56"
"C:\musica_eventi_e_documenti\windows\flutter\ephemeral\.plugin_symlinks\jni\android\.cxx\Debug\5b6g195f\x86_64\.cmake\api\v1\reply\directory-.-Debug-d0094a50bb2071803777.json","168","04/09/2026 18:18:56"
"C:\musica_eventi_e_documenti\windows\flutter\ephemeral\.plugin_symlinks\jni\android\.cxx\Debug\5b6g195f\x86_64\.cmake\api\v1\reply\index-2026-09-04T16-18-56-0262.json","1643","04/09/2026 18:18:56"
"C:\musica_eventi_e_documenti\windows\flutter\ephemeral\.plugin_symlinks\jni\android\.cxx\Debug\5b6g195f\x86_64\.cmake\api\v1\reply\target-jni-Debug-bc5f6d754558970ff96f.json","2817","04/09/2026 18:18:56"
"C:\musica_eventi_e_documenti\windows\flutter\ephemeral\.plugin_symlinks\jni\android\.cxx\Debug\5b6g195f\x86_64\android_gradle_build.json","1309","04/09/2026 18:18:56"
"C:\musica_eventi_e_documenti\windows\flutter\ephemeral\.plugin_symlinks\jni\android\.cxx\Debug\5b6g195f\x86_64\android_gradle_build_mini.json","905","04/09/2026 18:18:56"
"C:\musica_eventi_e_documenti\windows\flutter\ephemeral\.plugin_symlinks\jni\android\.cxx\Debug\5b6g195f\x86_64\compile_commands.json","2577","04/09/2026 18:18:56"
"C:\musica_eventi_e_documenti\windows\flutter\ephemeral\.plugin_symlinks\jni\android\.cxx\Debug\5b6g195f\x86_64\prefab_config.json","40","04/09/2026 18:18:56"
"C:\musica_eventi_e_documenti\windows\flutter\ephemeral\.plugin_symlinks\jni\android\.cxx\tools\profile\arm64-v8a\compile_commands.json","2589","04/09/2026 18:18:52"
"C:\musica_eventi_e_documenti\windows\flutter\ephemeral\.plugin_symlinks\jni\android\.cxx\tools\profile\armeabi-v7a\compile_commands.json","2670","04/09/2026 18:18:53"
"C:\musica_eventi_e_documenti\windows\flutter\ephemeral\.plugin_symlinks\jni\android\.cxx\tools\profile\x86\compile_commands.json","2607","04/09/2026 18:18:55"
"C:\musica_eventi_e_documenti\windows\flutter\ephemeral\.plugin_symlinks\jni\android\.cxx\tools\profile\x86_64\compile_commands.json","2577","04/09/2026 18:18:56"
"C:\musica_eventi_e_documenti\windows\flutter\ephemeral\.plugin_symlinks\jni\android\src\main\AndroidManifest.xml","119","03/08/2026 17:19:40"
"C:\musica_eventi_e_documenti\windows\flutter\ephemeral\.plugin_symlinks\jni\bin\setup.dart","9777","03/08/2026 17:19:40"
"C:\musica_eventi_e_documenti\windows\flutter\ephemeral\.plugin_symlinks\jni\example\android\app\src\debug\AndroidManifest.xml","425","03/08/2026 17:19:40"
"C:\musica_eventi_e_documenti\windows\flutter\ephemeral\.plugin_symlinks\jni\example\android\app\src\main\res\drawable\launch_background.xml","434","03/08/2026 17:19:40"
"C:\musica_eventi_e_documenti\windows\flutter\ephemeral\.plugin_symlinks\jni\example\android\app\src\main\res\drawable-v21\launch_background.xml","438","03/08/2026 17:19:40"
"C:\musica_eventi_e_documenti\windows\flutter\ephemeral\.plugin_symlinks\jni\example\android\app\src\main\res\values\styles.xml","996","03/08/2026 17:19:40"
"C:\musica_eventi_e_documenti\windows\flutter\ephemeral\.plugin_symlinks\jni\example\android\app\src\main\res\values-night\styles.xml","995","03/08/2026 17:19:40"
"C:\musica_eventi_e_documenti\windows\flutter\ephemeral\.plugin_symlinks\jni\example\android\app\src\main\AndroidManifest.xml","1684","03/08/2026 17:19:40"
"C:\musica_eventi_e_documenti\windows\flutter\ephemeral\.plugin_symlinks\jni\example\android\app\src\profile\AndroidManifest.xml","425","03/08/2026 17:19:40"
"C:\musica_eventi_e_documenti\windows\flutter\ephemeral\.plugin_symlinks\jni\example\integration_test\on_device_jni_test.dart","1524","03/08/2026 17:19:40"
"C:\musica_eventi_e_documenti\windows\flutter\ephemeral\.plugin_symlinks\jni\example\lib\main.dart","5698","03/08/2026 17:19:40"
"C:\musica_eventi_e_documenti\windows\flutter\ephemeral\.plugin_symlinks\jni\example\macos\Runner\Assets.xcassets\AppIcon.appiconset\Contents.json","1291","03/08/2026 17:19:40"
"C:\musica_eventi_e_documenti\windows\flutter\ephemeral\.plugin_symlinks\jni\example\analysis_options.yaml","302","03/08/2026 17:19:40"
"C:\musica_eventi_e_documenti\windows\flutter\ephemeral\.plugin_symlinks\jni\example\pubspec.yaml","3936","03/08/2026 17:19:40"
"C:\musica_eventi_e_documenti\windows\flutter\ephemeral\.plugin_symlinks\jni\lib\src\build_util\build_util.dart","830","03/08/2026 17:19:40"
"C:\musica_eventi_e_documenti\windows\flutter\ephemeral\.plugin_symlinks\jni\lib\src\lang\jboolean.dart","632","03/08/2026 17:19:40"
"C:\musica_eventi_e_documenti\windows\flutter\ephemeral\.plugin_symlinks\jni\lib\src\lang\jbyte.dart","620","03/08/2026 17:19:40"
"C:\musica_eventi_e_documenti\windows\flutter\ephemeral\.plugin_symlinks\jni\lib\src\lang\jcharacter.dart","630","03/08/2026 17:19:40"
"C:\musica_eventi_e_documenti\windows\flutter\ephemeral\.plugin_symlinks\jni\lib\src\lang\jdouble.dart","635","03/08/2026 17:19:40"
"C:\musica_eventi_e_documenti\windows\flutter\ephemeral\.plugin_symlinks\jni\lib\src\lang\jfloat.dart","632","03/08/2026 17:19:40"
"C:\musica_eventi_e_documenti\windows\flutter\ephemeral\.plugin_symlinks\jni\lib\src\lang\jinteger.dart","625","03/08/2026 17:19:40"
"C:\musica_eventi_e_documenti\windows\flutter\ephemeral\.plugin_symlinks\jni\lib\src\lang\jlong.dart","620","03/08/2026 17:19:40"
"C:\musica_eventi_e_documenti\windows\flutter\ephemeral\.plugin_symlinks\jni\lib\src\lang\jnumber.dart","2770","03/08/2026 17:19:40"
"C:\musica_eventi_e_documenti\windows\flutter\ephemeral\.plugin_symlinks\jni\lib\src\lang\jshort.dart","623","03/08/2026 17:19:40"
"C:\musica_eventi_e_documenti\windows\flutter\ephemeral\.plugin_symlinks\jni\lib\src\lang\jstring.dart","1106","03/08/2026 17:19:40"
"C:\musica_eventi_e_documenti\windows\flutter\ephemeral\.plugin_symlinks\jni\lib\src\lang\lang.dart","445","03/08/2026 17:19:40"
"C:\musica_eventi_e_documenti\windows\flutter\ephemeral\.plugin_symlinks\jni\lib\src\nio\jbuffer.dart","6927","03/08/2026 17:19:40"
"C:\musica_eventi_e_documenti\windows\flutter\ephemeral\.plugin_symlinks\jni\lib\src\nio\jbyte_buffer.dart","8937","03/08/2026 17:19:40"
"C:\musica_eventi_e_documenti\windows\flutter\ephemeral\.plugin_symlinks\jni\lib\src\nio\nio.dart","311","03/08/2026 17:19:40"
"C:\musica_eventi_e_documenti\windows\flutter\ephemeral\.plugin_symlinks\jni\lib\src\third_party\generated_bindings.dart","291","03/08/2026 17:19:40"
"C:\musica_eventi_e_documenti\windows\flutter\ephemeral\.plugin_symlinks\jni\lib\src\third_party\global_env_extensions.dart","69263","03/08/2026 17:19:40"
"C:\musica_eventi_e_documenti\windows\flutter\ephemeral\.plugin_symlinks\jni\lib\src\third_party\jni_bindings_generated.dart","109637","03/08/2026 17:19:40"
"C:\musica_eventi_e_documenti\windows\flutter\ephemeral\.plugin_symlinks\jni\lib\src\util\jiterator.dart","898","03/08/2026 17:19:40"
"C:\musica_eventi_e_documenti\windows\flutter\ephemeral\.plugin_symlinks\jni\lib\src\util\jlist.dart","1799","03/08/2026 17:19:40"
"C:\musica_eventi_e_documenti\windows\flutter\ephemeral\.plugin_symlinks\jni\lib\src\util\jmap.dart","2474","03/08/2026 17:19:40"
"C:\musica_eventi_e_documenti\windows\flutter\ephemeral\.plugin_symlinks\jni\lib\src\util\jset.dart","1601","03/08/2026 17:19:40"
"C:\musica_eventi_e_documenti\windows\flutter\ephemeral\.plugin_symlinks\jni\lib\src\util\util.dart","302","03/08/2026 17:19:40"
"C:\musica_eventi_e_documenti\windows\flutter\ephemeral\.plugin_symlinks\jni\lib\src\accessors.dart","2207","03/08/2026 17:19:40"
"C:\musica_eventi_e_documenti\windows\flutter\ephemeral\.plugin_symlinks\jni\lib\src\core_bindings.dart","1198028","03/08/2026 17:19:40"
"C:\musica_eventi_e_documenti\windows\flutter\ephemeral\.plugin_symlinks\jni\lib\src\errors.dart","4283","03/08/2026 17:19:40"
"C:\musica_eventi_e_documenti\windows\flutter\ephemeral\.plugin_symlinks\jni\lib\src\jarray.dart","4413","03/08/2026 17:19:40"
"C:\musica_eventi_e_documenti\windows\flutter\ephemeral\.plugin_symlinks\jni\lib\src\jclass.dart","7479","03/08/2026 17:19:40"
"C:\musica_eventi_e_documenti\windows\flutter\ephemeral\.plugin_symlinks\jni\lib\src\jimplementer.dart","3792","03/08/2026 17:19:40"
"C:\musica_eventi_e_documenti\windows\flutter\ephemeral\.plugin_symlinks\jni\lib\src\jni.dart","12173","03/08/2026 17:19:40"
"C:\musica_eventi_e_documenti\windows\flutter\ephemeral\.plugin_symlinks\jni\lib\src\jobject.dart","5580","03/08/2026 17:19:40"
"C:\musica_eventi_e_documenti\windows\flutter\ephemeral\.plugin_symlinks\jni\lib\src\jprimitives.dart","15039","03/08/2026 17:19:40"
"C:\musica_eventi_e_documenti\windows\flutter\ephemeral\.plugin_symlinks\jni\lib\src\jreference.dart","5420","03/08/2026 17:19:40"
"C:\musica_eventi_e_documenti\windows\flutter\ephemeral\.plugin_symlinks\jni\lib\src\jvalues.dart","2551","03/08/2026 17:19:40"
"C:\musica_eventi_e_documenti\windows\flutter\ephemeral\.plugin_symlinks\jni\lib\src\kotlin.dart","2318","03/08/2026 17:19:40"
"C:\musica_eventi_e_documenti\windows\flutter\ephemeral\.plugin_symlinks\jni\lib\src\method_invocation.dart","1369","03/08/2026 17:19:40"
"C:\musica_eventi_e_documenti\windows\flutter\ephemeral\.plugin_symlinks\jni\lib\src\primitive_jarrays.dart","23307","03/08/2026 17:19:40"
"C:\musica_eventi_e_documenti\windows\flutter\ephemeral\.plugin_symlinks\jni\lib\src\types.dart","4104","03/08/2026 17:19:40"
"C:\musica_eventi_e_documenti\windows\flutter\ephemeral\.plugin_symlinks\jni\lib\src\version_check.dart","692","03/08/2026 17:19:40"
"C:\musica_eventi_e_documenti\windows\flutter\ephemeral\.plugin_symlinks\jni\lib\jni.dart","4063","03/08/2026 17:19:40"
"C:\musica_eventi_e_documenti\windows\flutter\ephemeral\.plugin_symlinks\jni\lib\jni_symbols.yaml","2126","03/08/2026 17:19:40"
"C:\musica_eventi_e_documenti\windows\flutter\ephemeral\.plugin_symlinks\jni\lib\_internal.dart","2902","03/08/2026 17:19:40"
"C:\musica_eventi_e_documenti\windows\flutter\ephemeral\.plugin_symlinks\jni\test\test_util\test_util.dart","1459","03/08/2026 17:19:40"
"C:\musica_eventi_e_documenti\windows\flutter\ephemeral\.plugin_symlinks\jni\test\version_check\fail_major.dart","318","03/08/2026 17:19:40"
"C:\musica_eventi_e_documenti\windows\flutter\ephemeral\.plugin_symlinks\jni\test\version_check\fail_minor.dart","358","03/08/2026 17:19:40"
"C:\musica_eventi_e_documenti\windows\flutter\ephemeral\.plugin_symlinks\jni\test\version_check\pass.dart","389","03/08/2026 17:19:40"
"C:\musica_eventi_e_documenti\windows\flutter\ephemeral\.plugin_symlinks\jni\test\boxed_test.dart","3526","03/08/2026 17:19:40"
"C:\musica_eventi_e_documenti\windows\flutter\ephemeral\.plugin_symlinks\jni\test\debug_release_test.dart","4806","03/08/2026 17:19:40"
"C:\musica_eventi_e_documenti\windows\flutter\ephemeral\.plugin_symlinks\jni\test\exception_test.dart","2165","03/08/2026 17:19:40"
"C:\musica_eventi_e_documenti\windows\flutter\ephemeral\.plugin_symlinks\jni\test\global_env_test.dart","9828","03/08/2026 17:19:40"
"C:\musica_eventi_e_documenti\windows\flutter\ephemeral\.plugin_symlinks\jni\test\isolate_test.dart","1195","03/08/2026 17:19:40"
"C:\musica_eventi_e_documenti\windows\flutter\ephemeral\.plugin_symlinks\jni\test\jarray_test.dart","17167","03/08/2026 17:19:40"
"C:\musica_eventi_e_documenti\windows\flutter\ephemeral\.plugin_symlinks\jni\test\jbyte_buffer_test.dart","5737","03/08/2026 17:19:40"
"C:\musica_eventi_e_documenti\windows\flutter\ephemeral\.plugin_symlinks\jni\test\jlist_test.dart","9629","03/08/2026 17:19:40"
"C:\musica_eventi_e_documenti\windows\flutter\ephemeral\.plugin_symlinks\jni\test\jmap_test.dart","7964","03/08/2026 17:19:40"
"C:\musica_eventi_e_documenti\windows\flutter\ephemeral\.plugin_symlinks\jni\test\jobject_test.dart","10403","03/08/2026 17:19:40"
"C:\musica_eventi_e_documenti\windows\flutter\ephemeral\.plugin_symlinks\jni\test\jset_test.dart","7014","03/08/2026 17:19:40"
"C:\musica_eventi_e_documenti\windows\flutter\ephemeral\.plugin_symlinks\jni\test\jstring_test.dart","1300","03/08/2026 17:19:40"
"C:\musica_eventi_e_documenti\windows\flutter\ephemeral\.plugin_symlinks\jni\test\load_test.dart","4299","03/08/2026 17:19:40"
"C:\musica_eventi_e_documenti\windows\flutter\ephemeral\.plugin_symlinks\jni\test\no_such_method_test.dart","2497","03/08/2026 17:19:40"
"C:\musica_eventi_e_documenti\windows\flutter\ephemeral\.plugin_symlinks\jni\test\version_check_test.dart","2528","03/08/2026 17:19:40"
"C:\musica_eventi_e_documenti\windows\flutter\ephemeral\.plugin_symlinks\jni\tool\wrapper_generators\ffigen_util.dart","1544","03/08/2026 17:19:40"
"C:\musica_eventi_e_documenti\windows\flutter\ephemeral\.plugin_symlinks\jni\tool\wrapper_generators\generate_c_extensions.dart","10810","03/08/2026 17:19:40"
"C:\musica_eventi_e_documenti\windows\flutter\ephemeral\.plugin_symlinks\jni\tool\wrapper_generators\generate_dart_extensions.dart","9934","03/08/2026 17:19:40"
"C:\musica_eventi_e_documenti\windows\flutter\ephemeral\.plugin_symlinks\jni\tool\wrapper_generators\generate_helper_functions.dart","3860","03/08/2026 17:19:40"
"C:\musica_eventi_e_documenti\windows\flutter\ephemeral\.plugin_symlinks\jni\tool\wrapper_generators\logging.dart","306","03/08/2026 17:19:40"
"C:\musica_eventi_e_documenti\windows\flutter\ephemeral\.plugin_symlinks\jni\tool\generate_ffi_bindings.dart","2363","03/08/2026 17:19:40"
"C:\musica_eventi_e_documenti\windows\flutter\ephemeral\.plugin_symlinks\jni\tool\generate_ide_files.dart","2178","03/08/2026 17:19:40"
"C:\musica_eventi_e_documenti\windows\flutter\ephemeral\.plugin_symlinks\jni\tool\generate_jni_bindings.dart","2716","03/08/2026 17:19:40"
"C:\musica_eventi_e_documenti\windows\flutter\ephemeral\.plugin_symlinks\jni\tool\generate_primitive_arrays.dart","6094","03/08/2026 17:19:40"
"C:\musica_eventi_e_documenti\windows\flutter\ephemeral\.plugin_symlinks\jni\analysis_options.yaml","258","03/08/2026 17:19:40"
"C:\musica_eventi_e_documenti\windows\flutter\ephemeral\.plugin_symlinks\jni\dart_test.yaml","252","03/08/2026 17:19:40"
"C:\musica_eventi_e_documenti\windows\flutter\ephemeral\.plugin_symlinks\jni\ffigen.yaml","4980","03/08/2026 17:19:40"
"C:\musica_eventi_e_documenti\windows\flutter\ephemeral\.plugin_symlinks\jni\ffigen_exts.yaml","579","03/08/2026 17:19:40"
"C:\musica_eventi_e_documenti\windows\flutter\ephemeral\.plugin_symlinks\jni\pubspec.yaml","1519","03/08/2026 17:19:40"
"C:\musica_eventi_e_documenti\windows\flutter\ephemeral\.plugin_symlinks\path_provider_windows\example\integration_test\path_provider_test.dart","2394","03/08/2026 17:19:08"
"C:\musica_eventi_e_documenti\windows\flutter\ephemeral\.plugin_symlinks\path_provider_windows\example\lib\main.dart","2992","03/08/2026 17:19:08"
"C:\musica_eventi_e_documenti\windows\flutter\ephemeral\.plugin_symlinks\path_provider_windows\example\test_driver\integration_test.dart","274","03/08/2026 17:19:08"
"C:\musica_eventi_e_documenti\windows\flutter\ephemeral\.plugin_symlinks\path_provider_windows\example\pubspec.yaml","697","03/08/2026 17:19:08"
"C:\musica_eventi_e_documenti\windows\flutter\ephemeral\.plugin_symlinks\path_provider_windows\lib\src\folders.dart","12720","03/08/2026 17:19:09"
"C:\musica_eventi_e_documenti\windows\flutter\ephemeral\.plugin_symlinks\path_provider_windows\lib\src\folders_stub.dart","231","03/08/2026 17:19:09"
"C:\musica_eventi_e_documenti\windows\flutter\ephemeral\.plugin_symlinks\path_provider_windows\lib\src\guid.dart","1662","03/08/2026 17:19:09"
"C:\musica_eventi_e_documenti\windows\flutter\ephemeral\.plugin_symlinks\path_provider_windows\lib\src\path_provider_windows_real.dart","9670","03/08/2026 17:19:09"
"C:\musica_eventi_e_documenti\windows\flutter\ephemeral\.plugin_symlinks\path_provider_windows\lib\src\path_provider_windows_stub.dart","1494","03/08/2026 17:19:09"
"C:\musica_eventi_e_documenti\windows\flutter\ephemeral\.plugin_symlinks\path_provider_windows\lib\src\win32_wrappers.dart","5013","03/08/2026 17:19:09"
"C:\musica_eventi_e_documenti\windows\flutter\ephemeral\.plugin_symlinks\path_provider_windows\lib\path_provider_windows.dart","531","03/08/2026 17:19:09"
"C:\musica_eventi_e_documenti\windows\flutter\ephemeral\.plugin_symlinks\path_provider_windows\test\guid_test.dart","2075","03/08/2026 17:19:09"
"C:\musica_eventi_e_documenti\windows\flutter\ephemeral\.plugin_symlinks\path_provider_windows\test\path_provider_windows_test.dart","7526","03/08/2026 17:19:09"
"C:\musica_eventi_e_documenti\windows\flutter\ephemeral\.plugin_symlinks\path_provider_windows\pubspec.yaml","712","03/08/2026 17:19:09"
"C:\musica_eventi_e_documenti\windows\flutter\ephemeral\.plugin_symlinks\printing\android\src\main\res\xml\flutter_printing_file_paths.xml","102","03/08/2026 17:19:12"
"C:\musica_eventi_e_documenti\windows\flutter\ephemeral\.plugin_symlinks\printing\android\src\main\AndroidManifest.xml","564","03/08/2026 17:19:12"
"C:\musica_eventi_e_documenti\windows\flutter\ephemeral\.plugin_symlinks\printing\example\lib\main.dart","1406","03/08/2026 17:19:12"
"C:\musica_eventi_e_documenti\windows\flutter\ephemeral\.plugin_symlinks\printing\example\pubspec.yaml","373","03/08/2026 17:19:12"
"C:\musica_eventi_e_documenti\windows\flutter\ephemeral\.plugin_symlinks\printing\lib\src\fonts\font.dart","2116","03/08/2026 17:19:12"
"C:\musica_eventi_e_documenti\windows\flutter\ephemeral\.plugin_symlinks\printing\lib\src\fonts\gfonts.dart","2200637","03/08/2026 17:19:12"
"C:\musica_eventi_e_documenti\windows\flutter\ephemeral\.plugin_symlinks\printing\lib\src\fonts\manifest.dart","1876","03/08/2026 17:19:12"
"C:\musica_eventi_e_documenti\windows\flutter\ephemeral\.plugin_symlinks\printing\lib\src\preview\actions.dart","8527","03/08/2026 17:19:12"
"C:\musica_eventi_e_documenti\windows\flutter\ephemeral\.plugin_symlinks\printing\lib\src\preview\action_bar_theme.dart","3578","03/08/2026 17:19:12"
"C:\musica_eventi_e_documenti\windows\flutter\ephemeral\.plugin_symlinks\printing\lib\src\preview\controller.dart","3133","03/08/2026 17:19:12"
"C:\musica_eventi_e_documenti\windows\flutter\ephemeral\.plugin_symlinks\printing\lib\src\preview\custom.dart","10008","03/08/2026 17:19:12"
"C:\musica_eventi_e_documenti\windows\flutter\ephemeral\.plugin_symlinks\printing\lib\src\preview\page.dart","2944","03/08/2026 17:19:12"
"C:\musica_eventi_e_documenti\windows\flutter\ephemeral\.plugin_symlinks\printing\lib\src\preview\pdf_preview.dart","13857","03/08/2026 17:19:12"
"C:\musica_eventi_e_documenti\windows\flutter\ephemeral\.plugin_symlinks\printing\lib\src\preview\raster.dart","5776","03/08/2026 17:19:12"
"C:\musica_eventi_e_documenti\windows\flutter\ephemeral\.plugin_symlinks\printing\lib\src\asset_utils.dart","3446","03/08/2026 17:19:12"
"C:\musica_eventi_e_documenti\windows\flutter\ephemeral\.plugin_symlinks\printing\lib\src\cache.dart","3347","03/08/2026 17:19:12"
"C:\musica_eventi_e_documenti\windows\flutter\ephemeral\.plugin_symlinks\printing\lib\src\callback.dart","907","03/08/2026 17:19:12"
"C:\musica_eventi_e_documenti\windows\flutter\ephemeral\.plugin_symlinks\printing\lib\src\interface.dart","3828","03/08/2026 17:19:12"
"C:\musica_eventi_e_documenti\windows\flutter\ephemeral\.plugin_symlinks\printing\lib\src\method_channel.dart","8774","03/08/2026 17:19:12"
"C:\musica_eventi_e_documenti\windows\flutter\ephemeral\.plugin_symlinks\printing\lib\src\method_channel_ffi.dart","2162","03/08/2026 17:19:12"
"C:\musica_eventi_e_documenti\windows\flutter\ephemeral\.plugin_symlinks\printing\lib\src\method_channel_js.dart","938","03/08/2026 17:19:12"
"C:\musica_eventi_e_documenti\windows\flutter\ephemeral\.plugin_symlinks\printing\lib\src\mutex.dart","1219","03/08/2026 17:19:12"
"C:\musica_eventi_e_documenti\windows\flutter\ephemeral\.plugin_symlinks\printing\lib\src\output_type.dart","62","03/08/2026 17:19:12"
"C:\musica_eventi_e_documenti\windows\flutter\ephemeral\.plugin_symlinks\printing\lib\src\pdfjs.dart","2004","03/08/2026 17:19:12"
"C:\musica_eventi_e_documenti\windows\flutter\ephemeral\.plugin_symlinks\printing\lib\src\platform_js.dart","676","03/08/2026 17:19:12"
"C:\musica_eventi_e_documenti\windows\flutter\ephemeral\.plugin_symlinks\printing\lib\src\platform_os.dart","752","03/08/2026 17:19:12"
"C:\musica_eventi_e_documenti\windows\flutter\ephemeral\.plugin_symlinks\printing\lib\src\printer.dart","2190","03/08/2026 17:19:12"
"C:\musica_eventi_e_documenti\windows\flutter\ephemeral\.plugin_symlinks\printing\lib\src\printing.dart","8306","03/08/2026 17:19:12"
"C:\musica_eventi_e_documenti\windows\flutter\ephemeral\.plugin_symlinks\printing\lib\src\printing_info.dart","2586","03/08/2026 17:19:12"
"C:\musica_eventi_e_documenti\windows\flutter\ephemeral\.plugin_symlinks\printing\lib\src\print_job.dart","2430","03/08/2026 17:19:12"
"C:\musica_eventi_e_documenti\windows\flutter\ephemeral\.plugin_symlinks\printing\lib\src\raster.dart","2085","03/08/2026 17:19:12"
"C:\musica_eventi_e_documenti\windows\flutter\ephemeral\.plugin_symlinks\printing\lib\printing.dart","1797","03/08/2026 17:19:12"
"C:\musica_eventi_e_documenti\windows\flutter\ephemeral\.plugin_symlinks\printing\lib\printing_web.dart","12625","03/08/2026 17:19:12"
"C:\musica_eventi_e_documenti\windows\flutter\ephemeral\.plugin_symlinks\printing\test\document_test.dart","2164","03/08/2026 17:19:12"
"C:\musica_eventi_e_documenti\windows\flutter\ephemeral\.plugin_symlinks\printing\test\info_test.dart","1563","03/08/2026 17:19:12"
"C:\musica_eventi_e_documenti\windows\flutter\ephemeral\.plugin_symlinks\printing\test\printing_test.dart","3490","03/08/2026 17:19:12"
"C:\musica_eventi_e_documenti\windows\flutter\ephemeral\.plugin_symlinks\printing\test\raster_test.dart","1484","03/08/2026 17:19:12"
"C:\musica_eventi_e_documenti\windows\flutter\ephemeral\.plugin_symlinks\printing\analysis_options.yaml","2049","03/08/2026 17:19:12"
"C:\musica_eventi_e_documenti\windows\flutter\ephemeral\.plugin_symlinks\printing\pubspec.yaml","1466","03/08/2026 17:19:12"
"C:\musica_eventi_e_documenti\windows\flutter\ephemeral\.plugin_symlinks\shared_preferences_windows\example\integration_test\shared_preferences_test.dart","22945","03/08/2026 17:19:16"
"C:\musica_eventi_e_documenti\windows\flutter\ephemeral\.plugin_symlinks\shared_preferences_windows\example\lib\main.dart","3027","03/08/2026 17:19:16"
"C:\musica_eventi_e_documenti\windows\flutter\ephemeral\.plugin_symlinks\shared_preferences_windows\example\test_driver\integration_test.dart","274","03/08/2026 17:19:16"
"C:\musica_eventi_e_documenti\windows\flutter\ephemeral\.plugin_symlinks\shared_preferences_windows\example\pubspec.yaml","781","03/08/2026 17:19:16"
"C:\musica_eventi_e_documenti\windows\flutter\ephemeral\.plugin_symlinks\shared_preferences_windows\lib\shared_preferences_windows.dart","12744","03/08/2026 17:19:16"
"C:\musica_eventi_e_documenti\windows\flutter\ephemeral\.plugin_symlinks\shared_preferences_windows\test\fake_path_provider_windows.dart","1227","03/08/2026 17:19:16"
"C:\musica_eventi_e_documenti\windows\flutter\ephemeral\.plugin_symlinks\shared_preferences_windows\test\legacy_shared_preferences_windows_test.dart","8120","03/08/2026 17:19:16"
"C:\musica_eventi_e_documenti\windows\flutter\ephemeral\.plugin_symlinks\shared_preferences_windows\test\shared_preferences_windows_async_test.dart","7900","03/08/2026 17:19:16"
"C:\musica_eventi_e_documenti\windows\flutter\ephemeral\.plugin_symlinks\shared_preferences_windows\pubspec.yaml","840","03/08/2026 17:19:16"
"C:\musica_eventi_e_documenti\windows\flutter\ephemeral\.plugin_symlinks\share_plus\android\src\main\res\xml\flutter_share_file_paths.xml","245","03/09/2026 13:19:03"
"C:\musica_eventi_e_documenti\windows\flutter\ephemeral\.plugin_symlinks\share_plus\android\src\main\AndroidManifest.xml","1085","03/09/2026 13:19:03"
"C:\musica_eventi_e_documenti\windows\flutter\ephemeral\.plugin_symlinks\share_plus\example\android\app\src\main\AndroidManifest.xml","1077","03/09/2026 13:19:03"
"C:\musica_eventi_e_documenti\windows\flutter\ephemeral\.plugin_symlinks\share_plus\example\integration_test\share_plus_test.dart","1290","03/09/2026 13:19:03"
"C:\musica_eventi_e_documenti\windows\flutter\ephemeral\.plugin_symlinks\share_plus\example\ios\Runner\Assets.xcassets\AppIcon.appiconset\Contents.json","2519","03/09/2026 13:19:03"
"C:\musica_eventi_e_documenti\windows\flutter\ephemeral\.plugin_symlinks\share_plus\example\ios\Runner\Assets.xcassets\LaunchImage.imageset\Contents.json","391","03/09/2026 13:19:03"
"C:\musica_eventi_e_documenti\windows\flutter\ephemeral\.plugin_symlinks\share_plus\example\lib\image_previews.dart","2013","03/09/2026 13:19:03"
"C:\musica_eventi_e_documenti\windows\flutter\ephemeral\.plugin_symlinks\share_plus\example\lib\main.dart","10793","03/09/2026 13:19:03"
"C:\musica_eventi_e_documenti\windows\flutter\ephemeral\.plugin_symlinks\share_plus\example\macos\Runner\Assets.xcassets\AppIcon.appiconset\Contents.json","1291","03/09/2026 13:19:03"
"C:\musica_eventi_e_documenti\windows\flutter\ephemeral\.plugin_symlinks\share_plus\example\test_driver\share_plus_test.dart","625","03/09/2026 13:19:03"
"C:\musica_eventi_e_documenti\windows\flutter\ephemeral\.plugin_symlinks\share_plus\example\web\index.html","1063","03/09/2026 13:19:03"
"C:\musica_eventi_e_documenti\windows\flutter\ephemeral\.plugin_symlinks\share_plus\example\web\manifest.json","570","03/09/2026 13:19:03"
"C:\musica_eventi_e_documenti\windows\flutter\ephemeral\.plugin_symlinks\share_plus\example\pubspec.yaml","495","03/09/2026 13:19:03"
"C:\musica_eventi_e_documenti\windows\flutter\ephemeral\.plugin_symlinks\share_plus\lib\src\share_plus_linux.dart","2036","03/09/2026 13:19:03"
"C:\musica_eventi_e_documenti\windows\flutter\ephemeral\.plugin_symlinks\share_plus\lib\src\share_plus_macos.dart","198","03/09/2026 13:19:03"
"C:\musica_eventi_e_documenti\windows\flutter\ephemeral\.plugin_symlinks\share_plus\lib\src\share_plus_web.dart","7973","03/09/2026 13:19:03"
"C:\musica_eventi_e_documenti\windows\flutter\ephemeral\.plugin_symlinks\share_plus\lib\src\share_plus_windows.dart","2369","03/09/2026 13:19:03"
"C:\musica_eventi_e_documenti\windows\flutter\ephemeral\.plugin_symlinks\share_plus\lib\src\windows_version_helper.dart","1458","03/09/2026 13:19:03"
"C:\musica_eventi_e_documenti\windows\flutter\ephemeral\.plugin_symlinks\share_plus\lib\share_plus.dart","5755","03/09/2026 13:19:03"
"C:\musica_eventi_e_documenti\windows\flutter\ephemeral\.plugin_symlinks\share_plus\test\share_plus_linux_test.dart","1200","03/09/2026 13:19:03"
"C:\musica_eventi_e_documenti\windows\flutter\ephemeral\.plugin_symlinks\share_plus\test\share_plus_windows_test.dart","1993","03/09/2026 13:19:03"
"C:\musica_eventi_e_documenti\windows\flutter\ephemeral\.plugin_symlinks\share_plus\test\url_launcher_mock.dart","795","03/09/2026 13:19:03"
"C:\musica_eventi_e_documenti\windows\flutter\ephemeral\.plugin_symlinks\share_plus\pubspec.yaml","1492","03/09/2026 13:19:03"
"C:\musica_eventi_e_documenti\windows\flutter\ephemeral\.plugin_symlinks\url_launcher_windows\example\integration_test\url_launcher_test.dart","735","03/09/2026 14:54:13"
"C:\musica_eventi_e_documenti\windows\flutter\ephemeral\.plugin_symlinks\url_launcher_windows\example\lib\main.dart","2436","03/09/2026 14:54:13"
"C:\musica_eventi_e_documenti\windows\flutter\ephemeral\.plugin_symlinks\url_launcher_windows\example\test_driver\integration_test.dart","252","03/09/2026 14:54:13"
"C:\musica_eventi_e_documenti\windows\flutter\ephemeral\.plugin_symlinks\url_launcher_windows\example\pubspec.yaml","755","03/09/2026 14:54:13"
"C:\musica_eventi_e_documenti\windows\flutter\ephemeral\.plugin_symlinks\url_launcher_windows\lib\src\messages.g.dart","3872","03/09/2026 14:54:12"
"C:\musica_eventi_e_documenti\windows\flutter\ephemeral\.plugin_symlinks\url_launcher_windows\lib\url_launcher_windows.dart","1678","03/09/2026 14:54:12"
"C:\musica_eventi_e_documenti\windows\flutter\ephemeral\.plugin_symlinks\url_launcher_windows\pigeons\messages.dart","566","03/09/2026 14:54:13"
"C:\musica_eventi_e_documenti\windows\flutter\ephemeral\.plugin_symlinks\url_launcher_windows\test\url_launcher_windows_test.dart","4733","03/09/2026 14:54:13"
"C:\musica_eventi_e_documenti\windows\flutter\ephemeral\.plugin_symlinks\url_launcher_windows\pubspec.yaml","768","03/09/2026 14:54:13"
"C:\musica_eventi_e_documenti\analysis_options.yaml","1583","15/08/2026 15:12:26"
"C:\musica_eventi_e_documenti\devtools_options.yaml","184","07/08/2026 10:44:58"
"C:\musica_eventi_e_documenti\document_viewer_screen_backup.dart","40558","06/09/2026 19:43:23"
"C:\musica_eventi_e_documenti\pubspec.yaml","2605","07/09/2026 12:55:50"
